{
  "n_periods": 252,
  "total_return": -0.14390234650989409,
  "annualized_return": -0.14390234650989409,
  "annualized_volatility": 0.11866738569826007,
  "sharpe_ratio": -1.2126528756249833,
  "max_drawdown": -0.18647695865890124
}