{
  "n_periods": 253,
  "total_return": 0.41495698190274655,
  "annualized_return": 0.41301708628541967,
  "annualized_volatility": 0.16542833876485563,
  "sharpe_ratio": 2.496652564906025,
  "max_drawdown": -0.08438202991125698
}