{
  "n_periods": 253,
  "total_return": 0.34901976326581385,
  "annualized_return": 0.3474243945343485,
  "annualized_volatility": 0.16132740505423468,
  "sharpe_ratio": 2.1535361237450767,
  "max_drawdown": -0.09216530467680417
}