{
  "n_periods": 253,
  "total_return": 0.1743540119553333,
  "annualized_return": 0.17360824061214553,
  "annualized_volatility": 0.12153720398283381,
  "sharpe_ratio": 1.4284370128892083,
  "max_drawdown": -0.08444725783756835
}