{
  "n_selected": 4,
  "expected_return": 0.48234160755962474,
  "volatility": 0.3010907345449764,
  "sharpe_m": 1.6019809054853973,
  "meta_nrp_method": "inverse_vol",
  "meta_nrp_min_vol": 1e-08,
  "meta_nrp_sigma": {
    "AAPL": 0.024012558289591562,
    "MSFT": 0.021470874719948713,
    "AMZN": 0.021498123067016144,
    "GOOG": 0.020513451471168304
  }
}