{
  "n_periods": 253,
  "total_return": 0.07430111453868204,
  "annualized_return": 0.07399682756468584,
  "annualized_volatility": 0.04710230493412024,
  "sharpe_ratio": 1.5709810309321741,
  "max_drawdown": -0.03589031146576804
}