{
  "mean_terminal_value": 1.3108836666604597,
  "median_terminal_value": 1.2954959858518698,
  "std_terminal_value": 0.18357939844191454,
  "min_terminal_value": 0.7924193113362578,
  "max_terminal_value": 2.2037099547516195,
  "prob_loss": 0.0285,
  "mean_terminal_return": 0.31088366666045986
}