{
  "n_periods": 252,
  "total_return": -0.11799253638931317,
  "annualized_return": -0.11799253638931317,
  "annualized_volatility": 0.1822228967749698,
  "sharpe_ratio": -0.6475176197809224,
  "max_drawdown": -0.19504120705417194
}