{
  "n_periods": 252,
  "total_return": -0.11098459521461812,
  "annualized_return": -0.11098459521461812,
  "annualized_volatility": 0.23209889905855943,
  "sharpe_ratio": -0.4781780338674346,
  "max_drawdown": -0.19763927160971329
}