{
  "n_periods": 253,
  "total_return": 0.0767304266639881,
  "annualized_return": 0.0764158415003926,
  "annualized_volatility": 0.046792914623639895,
  "sharpe_ratio": 1.6330643670096825,
  "max_drawdown": -0.034705730980137406
}