{
  "n_selected": 48,
  "expected_return": 0.0009544306514993945,
  "volatility": 0.013294840357009993,
  "sharpe_m": 0.071789553380846,
  "meta_n_assets": 48
}