{
  "n_selected": 48,
  "expected_return": 0.001058221538898604,
  "volatility": 0.005511747322408408,
  "sharpe_m": 0.19199384097241315,
  "meta_nrp_method": "inverse_vol",
  "meta_nrp_min_vol": 1e-08,
  "meta_nrp_sigma": {
    "NVDA": 0.025661372108849948,
    "MSFT": 0.010726075738993987,
    "AAPL": 0.013596068254772766,
    "AMZN": 0.013561856430296297,
    "GOOG": 0.013790468757467037,
    "META": 0.016390316831710963,
    "AVGO": 0.014726052861504644,
    "TSLA": 0.029824283784061156,
    "LLY": 0.020903852411067934,
    "JPM": 0.013149831258431192,
    "V": 0.012715457313159007,
    "WMT": 0.009131619367150946,
    "MA": 0.01584844723540207,
    "NFLX": 0.017959347876570626,
    "ORCL": 0.018486774986588093,
    "XOM": 0.017485263326446485,
    "COST": 0.010160199295737046,
    "HD": 0.01105043218310055,
    "PG": 0.008046694805702899,
    "BAC": 0.01558979595739662,
    "ABBV": 0.011235269439404009,
    "KO": 0.008488239309215002,
    "PM": 0.009156167514348229,
    "UNH": 0.011401770422613788,
    "CRM": 0.016032669684928398,
    "CSCO": 0.01117381821750291,
    "WFC": 0.018790871073447485,
    "CVX": 0.014342013892172463,
    "ABT": 0.01116596137727389,
    "MCD": 0.007956950946984502,
    "LIN": 0.01069932298181449,
    "AMD": 0.023840752963773335,
    "MRK": 0.013730647848764998,
    "TMO": 0.013824914746282186,
    "DIS": 0.01545088058247072,
    "PEP": 0.007974445388052977,
    "ACN": 0.012147119489843759,
    "TXN": 0.013410279950030786,
    "VZ": 0.008090632136514111,
    "AMGN": 0.013992935863699948,
    "ADBE": 0.015280422824530779,
    "NEE": 0.011923969465966845,
    "DHR": 0.013184465393772674,
    "PFE": 0.015769434033417882,
    "HON": 0.010373207248158297,
    "NKE": 0.01712195749742424,
    "UPS": 0.014177990754011629,
    "BMY": 0.010470447815060796
  }
}