{
  "n_periods": 253,
  "total_return": 1.1396689431064808,
  "annualized_return": 1.1332456332259202,
  "annualized_volatility": 0.42893033088628835,
  "sharpe_ratio": 2.642027274882432,
  "max_drawdown": -0.2325834156501032
}