{
  "n_periods": 252,
  "total_return": -0.1899333393478354,
  "annualized_return": -0.1899333393478354,
  "annualized_volatility": 0.22368773457260288,
  "sharpe_ratio": -0.8491003751758605,
  "max_drawdown": -0.3088428525264725
}