{
  "n_periods": 252,
  "total_return": -0.24871406615036673,
  "annualized_return": -0.24871406615036673,
  "annualized_volatility": 0.24866682484529182,
  "sharpe_ratio": -1.0001899783177925,
  "max_drawdown": -0.26604204015603405
}