{
  "n_periods": 252,
  "total_return": 0.12999430543560608,
  "annualized_return": 0.12999430543560608,
  "annualized_volatility": 0.3007942749310226,
  "sharpe_ratio": 0.43217014507811374,
  "max_drawdown": -0.3013600516394398
}