{
  "n_periods": 252,
  "total_return": 0.15319975537679809,
  "annualized_return": 0.15319975537679809,
  "annualized_volatility": 0.333212823374704,
  "sharpe_ratio": 0.45976548508915616,
  "max_drawdown": -0.3284584531028397
}