{
  "n_periods": 253,
  "total_return": 0.4395722300135938,
  "annualized_return": 0.43750059006777886,
  "annualized_volatility": 0.1416854038434373,
  "sharpe_ratio": 3.087831055280881,
  "max_drawdown": -0.07835463672264453
}