{
  "n_selected": 30,
  "expected_return": 0.0008418239506118975,
  "volatility": 0.015535107586277705,
  "sharpe_m": 0.05418848539906398,
  "meta_nrp_method": "inverse_vol",
  "meta_nrp_min_vol": 1e-08,
  "meta_nrp_sigma": {
    "AAPL": 0.023603441040580105,
    "AMGN": 0.01925409584195055,
    "AMZN": 0.020245198162913473,
    "AXP": 0.031191231961886026,
    "BA": 0.04212348778657767,
    "CAT": 0.022995345001026304,
    "CRM": 0.026695844693079344,
    "CSCO": 0.020534766721417564,
    "CVX": 0.029330546335142642,
    "DIS": 0.02448336073664121,
    "GS": 0.02583318573251316,
    "HD": 0.021362610531468505,
    "HON": 0.021873310913825855,
    "IBM": 0.020866174003893845,
    "JNJ": 0.014958392621781754,
    "JPM": 0.02602798663851007,
    "KO": 0.016856181013411357,
    "MCD": 0.019107251165193396,
    "MMM": 0.018582689406415553,
    "MRK": 0.01762915461138467,
    "MSFT": 0.021680365910048592,
    "NKE": 0.022301489519468694,
    "NVDA": 0.032632585695534316,
    "PG": 0.015820559945823456,
    "SHW": 0.02070573043349786,
    "TRV": 0.023619130595898753,
    "UNH": 0.02304847563673322,
    "V": 0.02184435407746904,
    "VZ": 0.012654406715163402,
    "WMT": 0.015898632938447208
  }
}