{
  "n_selected": 21,
  "expected_return": 0.0008195525424503042,
  "volatility": 0.010662569930522923,
  "sharpe_m": 0.07686257138668172,
  "meta_nrp_method": "inverse_vol",
  "meta_nrp_min_vol": 1e-08,
  "meta_nrp_sigma": {
    "AAPL": 0.019186660337897433,
    "AMGN": 0.016235144875309113,
    "AMZN": 0.018019823106115045,
    "CRM": 0.023387234929452185,
    "CSCO": 0.01570935864102764,
    "CVX": 0.023113415160670156,
    "DIS": 0.023176102606483787,
    "HD": 0.01695945024479337,
    "HON": 0.01913574635197634,
    "JPM": 0.021696945399631823,
    "KO": 0.013973665268470927,
    "MCD": 0.015251791294443522,
    "MRK": 0.014502557500562407,
    "MSFT": 0.015602888282067387,
    "NKE": 0.02097623666993214,
    "NVDA": 0.026274584604427324,
    "PG": 0.011526968912357913,
    "UNH": 0.018962085795746673,
    "V": 0.017425552176530246,
    "VZ": 0.010314097079365482,
    "WMT": 0.01367690286329109
  }
}