{
  "n_periods": 252,
  "total_return": -0.05980970435390531,
  "annualized_return": -0.05980970435390531,
  "annualized_volatility": 0.21341200134753655,
  "sharpe_ratio": -0.28025464348889445,
  "max_drawdown": -0.21818023966920663
}