{
  "n_selected": 30,
  "expected_return": 0.0006605544888723038,
  "volatility": 0.013603328611689369,
  "sharpe_m": 0.04855829832006616,
  "meta_nrp_method": "inverse_vol",
  "meta_nrp_min_vol": 1e-08,
  "meta_nrp_sigma": {
    "AAPL": 0.02000268013278445,
    "AMGN": 0.01689403349345097,
    "AMZN": 0.019656058619853648,
    "AXP": 0.022923079681622716,
    "BA": 0.030847583247144362,
    "CAT": 0.020994417191116787,
    "CRM": 0.021065852437708612,
    "CSCO": 0.018983438960864536,
    "CVX": 0.02246939778831469,
    "DIS": 0.018873980167600654,
    "GS": 0.021339822015120854,
    "HD": 0.01848742224240765,
    "HON": 0.017279191431245493,
    "IBM": 0.017733116104945445,
    "JNJ": 0.014375217988873104,
    "JPM": 0.020359916719639947,
    "KO": 0.013831270252434151,
    "MCD": 0.016966928213647498,
    "MMM": 0.017708184403374672,
    "MRK": 0.014851802495965481,
    "MSFT": 0.0190271440560363,
    "NKE": 0.019380922535957544,
    "NVDA": 0.030771730771758106,
    "PG": 0.014673398699864485,
    "SHW": 0.0186944407293185,
    "TRV": 0.0184269362728162,
    "UNH": 0.020441512475794153,
    "V": 0.018309758214957953,
    "VZ": 0.013332520737914693,
    "WMT": 0.015244751147709708
  }
}