{
  "n_periods": 253,
  "total_return": 0.37121013959893334,
  "annualized_return": 0.36950020920682003,
  "annualized_volatility": 0.15575465790505078,
  "sharpe_ratio": 2.372322049155475,
  "max_drawdown": -0.08152326010289546
}