{
  "n_periods": 252,
  "total_return": 0.08961434400475365,
  "annualized_return": 0.08961434400475365,
  "annualized_volatility": 0.09334023884564197,
  "sharpe_ratio": 0.9600826515234242,
  "max_drawdown": -0.13638953808655285
}