{
  "mean_terminal_value": 1.3589003228541896,
  "median_terminal_value": 1.32250005946966,
  "std_terminal_value": 0.3340434269508295,
  "min_terminal_value": 0.6133573955887498,
  "max_terminal_value": 3.1707909690521814,
  "prob_loss": 0.1205,
  "mean_terminal_return": 0.35890032285418955
}