{
  "n_selected": 100,
  "expected_return": 0.0011976612033720076,
  "volatility": 0.014428282323276037,
  "sharpe_m": 0.08300788524493405,
  "meta_n_assets": 100
}