{
  "n_periods": 252,
  "total_return": 0.10929465391329352,
  "annualized_return": 0.10929465391329352,
  "annualized_volatility": 0.11204098241735433,
  "sharpe_ratio": 0.9754881790144369,
  "max_drawdown": -0.15150921786183646
}