{
  "n_selected": 21,
  "expected_return": 0.0009116998465092863,
  "volatility": 0.011402340226914952,
  "sharpe_m": 0.07995725687585084,
  "meta_n_assets": 21
}