{
  "n_selected": 30,
  "expected_return": 0.0009094605255573482,
  "volatility": 0.01652804427017096,
  "sharpe_m": 0.05502529583604153,
  "meta_n_assets": 30
}