{
  "n_selected": 30,
  "expected_return": 0.0005973529728579855,
  "volatility": 0.01642926211585935,
  "sharpe_m": 0.036359087136442605,
  "meta_n_assets": 30
}