{
  "n_periods": 253,
  "total_return": 0.07759765685517483,
  "annualized_return": 0.07727939015546137,
  "annualized_volatility": 0.048128001347885405,
  "sharpe_ratio": 1.6057053688321672,
  "max_drawdown": -0.035271471104714514
}