{
  "n_periods": 252,
  "total_return": -0.0784387615041543,
  "annualized_return": -0.0784387615041543,
  "annualized_volatility": 0.21664498199064225,
  "sharpe_ratio": -0.3620612893196039,
  "max_drawdown": -0.19179493958222416
}