{
  "n_periods": 253,
  "total_return": 0.4712680439124466,
  "annualized_return": 0.46902433022581547,
  "annualized_volatility": 0.17130145920225154,
  "sharpe_ratio": 2.7380054578055266,
  "max_drawdown": -0.07919083873346855
}