{
  "n_selected": 21,
  "expected_return": 0.0007173561925499169,
  "volatility": 0.010573522563889938,
  "sharpe_m": 0.06784457953490249,
  "meta_nrp_method": "inverse_vol",
  "meta_nrp_min_vol": 1e-08,
  "meta_nrp_sigma": {
    "AAPL": 0.017991421699439927,
    "AMGN": 0.01439766784827597,
    "AMZN": 0.01736135174634844,
    "CRM": 0.01880121784369962,
    "CSCO": 0.015835276792862438,
    "CVX": 0.019334382972503485,
    "DIS": 0.019181222141292635,
    "HD": 0.016773131094809594,
    "HON": 0.016937628756469238,
    "JPM": 0.01874002163264539,
    "KO": 0.01316085753649626,
    "MCD": 0.015228914298970631,
    "MRK": 0.012307868954664425,
    "MSFT": 0.014803319344963947,
    "NKE": 0.019072265730394704,
    "NVDA": 0.02646766950591253,
    "PG": 0.012733639223117873,
    "UNH": 0.018745113546906132,
    "V": 0.015756152740583212,
    "VZ": 0.01133507656786738,
    "WMT": 0.013753614056246196
  }
}