{
  "n_periods": 253,
  "total_return": 0.4264726736652167,
  "annualized_return": 0.4244713522192447,
  "annualized_volatility": 0.16256823611785046,
  "sharpe_ratio": 2.611034986634985,
  "max_drawdown": -0.07819595791949263
}