{
  "n_periods": 252,
  "total_return": -0.09444138980113903,
  "annualized_return": -0.09444138980113903,
  "annualized_volatility": 0.18485548296147633,
  "sharpe_ratio": -0.5108930949092838,
  "max_drawdown": -0.2019310760576799
}