{
  "n_periods": 252,
  "total_return": -0.13493556541666185,
  "annualized_return": -0.13493556541666185,
  "annualized_volatility": 0.18842549205455397,
  "sharpe_ratio": -0.7161216030026053,
  "max_drawdown": -0.22559136333536078
}