{
  "n_periods": 252,
  "total_return": -0.09957764073710651,
  "annualized_return": -0.09957764073710651,
  "annualized_volatility": 0.23286523653863161,
  "sharpe_ratio": -0.42761917672750993,
  "max_drawdown": -0.20910419701750993
}