{
  "n_periods": 253,
  "total_return": 0.49796532913188885,
  "annualized_return": 0.4955745931722486,
  "annualized_volatility": 0.1417030615087826,
  "sharpe_ratio": 3.4972751322068896,
  "max_drawdown": -0.07488200391283972
}