{
  "n_periods": 252,
  "total_return": -0.09198915822702058,
  "annualized_return": -0.09198915822702058,
  "annualized_volatility": 0.19904003770978582,
  "sharpe_ratio": -0.46216409163440353,
  "max_drawdown": -0.21284862181822461
}