{
  "n_periods": 253,
  "total_return": 0.22324775083788095,
  "annualized_return": 0.2222738465013121,
  "annualized_volatility": 0.13395850466811174,
  "sharpe_ratio": 1.659273870307866,
  "max_drawdown": -0.0818041429796239
}