{
  "mean_terminal_value": 1.230006174435061,
  "median_terminal_value": 1.2240819231396325,
  "std_terminal_value": 0.12300111077549465,
  "min_terminal_value": 0.828437647095096,
  "max_terminal_value": 1.7045164092026606,
  "prob_loss": 0.0205,
  "mean_terminal_return": 0.23000617443506088
}