{
  "n_periods": 252,
  "total_return": -0.10965256730047424,
  "annualized_return": -0.10965256730047424,
  "annualized_volatility": 0.0954453616001655,
  "sharpe_ratio": -1.1488517143433832,
  "max_drawdown": -0.15711875516310636
}