{
  "mean_terminal_value": 2.257157383327478,
  "median_terminal_value": 2.1758556394033177,
  "std_terminal_value": 0.6274585674789597,
  "min_terminal_value": 0.9061587186379313,
  "max_terminal_value": 5.2203697333393695,
  "prob_loss": 0.004,
  "mean_terminal_return": 1.2571573833274776
}