{
  "n_periods": 252,
  "total_return": 0.13906700527270943,
  "annualized_return": 0.13906700527270943,
  "annualized_volatility": 0.06611228931143491,
  "sharpe_ratio": 2.1034970460273583,
  "max_drawdown": -0.07626494078365686
}