{
  "n_periods": 252,
  "total_return": -0.157438448248575,
  "annualized_return": -0.157438448248575,
  "annualized_volatility": 0.10501436150737006,
  "sharpe_ratio": -1.4992087366786089,
  "max_drawdown": -0.17388041255014097
}