{
  "n_selected": 99,
  "expected_return": 0.0007121755654900993,
  "volatility": 0.01441218965278152,
  "sharpe_m": 0.049414806677391385,
  "meta_n_assets": 99
}