{
  "n_periods": 253,
  "total_return": 0.4292224922545762,
  "annualized_return": 0.42720644883858805,
  "annualized_volatility": 0.15712735575151582,
  "sharpe_ratio": 2.7188546946222427,
  "max_drawdown": -0.07043478804225589
}