{
  "n_periods": 252,
  "total_return": 0.22189335717075842,
  "annualized_return": 0.22189335717075842,
  "annualized_volatility": 0.21653394700700265,
  "sharpe_ratio": 1.0247509004377149,
  "max_drawdown": -0.27169344068282963
}