{
  "mean_terminal_value": 1.0264369203468322,
  "median_terminal_value": 1.0280418317409783,
  "std_terminal_value": 0.07790369515450314,
  "min_terminal_value": 0.8103119930073345,
  "max_terminal_value": 1.312648899146557,
  "prob_loss": 0.354,
  "mean_terminal_return": 0.02643692034683214
}