{
  "mean_terminal_value": 1.05678262889149,
  "median_terminal_value": 1.056274195755834,
  "std_terminal_value": 0.10780373314594219,
  "min_terminal_value": 0.7705765190964712,
  "max_terminal_value": 1.4552466956399248,
  "prob_loss": 0.32,
  "mean_terminal_return": 0.056782628891490175
}