{
  "n_periods": 253,
  "total_return": 0.23296841044617955,
  "annualized_return": 0.23194822435899765,
  "annualized_volatility": 0.13362290029205035,
  "sharpe_ratio": 1.735841864321493,
  "max_drawdown": -0.0885250959001137
}