{
  "n_periods": 132,
  "total_return": 0.3247601414658765,
  "annualized_return": 0.7106892217456247,
  "annualized_volatility": 0.3117303603593294,
  "sharpe_ratio": 2.2798203579735326,
  "max_drawdown": -0.1826995330623956
}