{
  "n_periods": 252,
  "total_return": 0.09866747596835013,
  "annualized_return": 0.09866747596835013,
  "annualized_volatility": 0.10524365217384468,
  "sharpe_ratio": 0.9375147472587532,
  "max_drawdown": -0.1527324270466187
}