{
  "n_periods": 253,
  "total_return": 0.026866207812213716,
  "annualized_return": 0.02675860904228511,
  "annualized_volatility": 0.05955015261761071,
  "sharpe_ratio": 0.449345767660918,
  "max_drawdown": -0.05526390840960993
}