{
  "mean_terminal_value": 1.5893999005617403,
  "median_terminal_value": 1.5689684636481398,
  "std_terminal_value": 0.3011172847465929,
  "min_terminal_value": 0.8364696783471764,
  "max_terminal_value": 2.9448121919098984,
  "prob_loss": 0.0075,
  "mean_terminal_return": 0.5893999005617402
}