{
  "n_selected": 13,
  "expected_return": 0.00019480519493147373,
  "volatility": 0.004312709981098615,
  "sharpe_m": 0.04517001972895225,
  "meta_n_assets": 13
}