{
  "n_selected": 30,
  "expected_return": 0.0004137166086723247,
  "volatility": 0.009924726400975147,
  "sharpe_m": 0.041685442193315804,
  "meta_n_assets": 30
}