{
  "n_selected": 21,
  "expected_return": 0.0005307299886183183,
  "volatility": 0.007961481631109194,
  "sharpe_m": 0.06666221354383467,
  "meta_n_assets": 21
}