{
  "n_periods": 253,
  "total_return": 0.40810832741337855,
  "annualized_return": 0.4062047886503264,
  "annualized_volatility": 0.126503448761908,
  "sharpe_ratio": 3.211017506841604,
  "max_drawdown": -0.06828291189386182
}