{
  "n_periods": 253,
  "total_return": 0.34324022993713355,
  "annualized_return": 0.3416744643947869,
  "annualized_volatility": 0.17208379710264243,
  "sharpe_ratio": 1.9855121176283035,
  "max_drawdown": -0.09117153512538578
}