{
  "n_periods": 252,
  "total_return": -0.14614926456985022,
  "annualized_return": -0.14614926456985022,
  "annualized_volatility": 0.11138664546965868,
  "sharpe_ratio": -1.3120896491102316,
  "max_drawdown": -0.19364121130467882
}