{
  "n_periods": 252,
  "total_return": -0.09117747526769937,
  "annualized_return": -0.09117747526769937,
  "annualized_volatility": 0.16412810676715225,
  "sharpe_ratio": -0.5555262719081528,
  "max_drawdown": -0.19474761359136472
}