{
  "n_periods": 252,
  "total_return": -0.07048362043252665,
  "annualized_return": -0.07048362043252665,
  "annualized_volatility": 0.19458834339259565,
  "sharpe_ratio": -0.362219129900916,
  "max_drawdown": -0.20149584088080852
}