{
  "n_selected": 100,
  "expected_return": 0.0010431836170119889,
  "volatility": 0.007411697423553371,
  "sharpe_m": 0.14074827362715758,
  "meta_nrp_method": "inverse_vol",
  "meta_nrp_min_vol": 1e-08,
  "meta_nrp_sigma": {
    "NVDA": 0.028339451337539213,
    "MSFT": 0.01325944378904325,
    "AAPL": 0.01581272305194617,
    "AMZN": 0.015177102852446967,
    "GOOG": 0.014936731335831226,
    "META": 0.01862468063240394,
    "AVGO": 0.01797277462184661,
    "TSLA": 0.034494185342183147,
    "BRK-B": 0.009718369541876734,
    "LLY": 0.019945275688089428,
    "JPM": 0.013458804013103499,
    "V": 0.015198468631337869,
    "WMT": 0.010530931800831101,
    "MA": 0.017910278688961483,
    "NFLX": 0.020180055890537913,
    "ORCL": 0.01842774766081771,
    "XOM": 0.018558045501512452,
    "COST": 0.011927880298391685,
    "JNJ": 0.009131590145263588,
    "HD": 0.012647249342087925,
    "PG": 0.00907959538878244,
    "BAC": 0.01609335453816055,
    "ABBV": 0.012679281399119351,
    "KO": 0.009590838591672953,
    "PM": 0.010987200129407154,
    "PLTR": 0.04106796720002221,
    "UNH": 0.01205598890190679,
    "CRM": 0.017745524797452592,
    "CSCO": 0.0120892679491093,
    "IBM": 0.01440681476827533,
    "WFC": 0.02119854072724976,
    "CVX": 0.015435768886566906,
    "ABT": 0.013350946207930729,
    "MCD": 0.009640925972188569,
    "GE": 0.020487536857823084,
    "LIN": 0.011986978417503024,
    "AMD": 0.026790840439181188,
    "MRK": 0.014807741845960577,
    "TMO": 0.014970648395085141,
    "DIS": 0.0156462995736423,
    "PEP": 0.009307685792230147,
    "ACN": 0.012430830349400821,
    "INTU": 0.018566313966462102,
    "ISRG": 0.017449958304952436,
    "QCOM": 0.021570155078706788,
    "TXN": 0.016771451368938338,
    "VZ": 0.008989839655664572,
    "AMGN": 0.012578621586011831,
    "NOW": 0.022374481872301934,
    "ADBE": 0.018479835807269758,
    "CAT": 0.01608773707874246,
    "GS": 0.015878992303661455,
    "UBER": 0.029391720531034067,
    "RTX": 0.014464197670745076,
    "BKNG": 0.02099833245278685,
    "SPGI": 0.013282974593145353,
    "PGR": 0.012811047929642246,
    "T": 0.012155887105090206,
    "NEE": 0.013849529320517934,
    "BSX": 0.014544273999488488,
    "DHR": 0.01481202789532393,
    "PFE": 0.016427370304418147,
    "AXP": 0.017625052466652993,
    "LOW": 0.01518374525342353,
    "UNP": 0.012937060202716715,
    "TJX": 0.015963497405391696,
    "HON": 0.011965904685104037,
    "SYK": 0.013293230727024461,
    "SCHW": 0.019195520332550235,
    "ETN": 0.013741633780165163,
    "BLK": 0.01423822550023751,
    "C": 0.016183012280315164,
    "GILD": 0.012022557781941199,
    "DE": 0.01883520827940175,
    "AMAT": 0.027615892576672376,
    "BA": 0.022630350139762407,
    "PANW": 0.021874611946954753,
    "ADP": 0.012113939304895524,
    "MDT": 0.013196319881928402,
    "VRTX": 0.016473762812989547,
    "COP": 0.022496133362724997,
    "CB": 0.01494574018822306,
    "LRCX": 0.026435720980602536,
    "ADI": 0.01710702915909477,
    "MU": 0.02507043468464201,
    "SBUX": 0.014202172122507751,
    "KLAC": 0.025761379660658494,
    "ANET": 0.02140351290954289,
    "PLD": 0.012097358550466926,
    "MDLZ": 0.009891491370674896,
    "LMT": 0.012449851079216449,
    "NKE": 0.017626947883589483,
    "UPS": 0.015503280837001702,
    "SO": 0.010159277574068997,
    "MO": 0.013317442004718686,
    "ICE": 0.010843981338115401,
    "BMY": 0.011748055350144816,
    "ELV": 0.015586870075497675,
    "WM": 0.01020800020422322,
    "DUK": 0.010201397126322164
  }
}