{
  "n_periods": 252,
  "total_return": -0.31553658789127126,
  "annualized_return": -0.31553658789127126,
  "annualized_volatility": 0.335374008373994,
  "sharpe_ratio": -0.940849857211949,
  "max_drawdown": -0.33701051659883496
}