{
  "mean_terminal_value": 1.3040860280709872,
  "median_terminal_value": 1.300764999960613,
  "std_terminal_value": 0.1116064862764543,
  "min_terminal_value": 0.9767429508132656,
  "max_terminal_value": 1.7262911251662765,
  "prob_loss": 0.0005,
  "mean_terminal_return": 0.3040860280709872
}