{
  "n_periods": 252,
  "total_return": -0.07482773876497528,
  "annualized_return": -0.07482773876497528,
  "annualized_volatility": 0.1976061441079374,
  "sharpe_ratio": -0.37867111421445737,
  "max_drawdown": -0.20481435988800456
}