{
  "n_selected": 13,
  "expected_return": 8.011947464030029e-05,
  "volatility": 0.004640085359090784,
  "sharpe_m": 0.017266810508847954,
  "meta_n_assets": 13
}