{
  "n_periods": 253,
  "total_return": 0.25084202824669166,
  "annualized_return": 0.24973595770444867,
  "annualized_volatility": 0.09806799786303498,
  "sharpe_ratio": 2.5465591543251267,
  "max_drawdown": -0.04773007925476991
}