{
  "n_selected": 4,
  "expected_return": 0.4723939854785576,
  "volatility": 0.27916704188895436,
  "sharpe_m": 1.692155285531392,
  "meta_n_assets": 4
}