{
  "n_selected": 4,
  "expected_return": 0.48621786725032756,
  "volatility": 0.3023584819899411,
  "sharpe_m": 1.6080840995441403,
  "meta_n_assets": 4
}