{
  "n_selected": 48,
  "expected_return": 0.001195760177752818,
  "volatility": 0.00990908745428962,
  "sharpe_m": 0.12067308753392587,
  "meta_n_assets": 48
}