{
  "n_periods": 252,
  "total_return": -0.06605641073564261,
  "annualized_return": -0.06605641073564261,
  "annualized_volatility": 0.192014772833296,
  "sharpe_ratio": -0.3440173365879077,
  "max_drawdown": -0.18257061546928954
}