{
  "n_periods": 252,
  "total_return": 0.09941193665359283,
  "annualized_return": 0.09941193665359283,
  "annualized_volatility": 0.3446779116749395,
  "sharpe_ratio": 0.2884198066841797,
  "max_drawdown": -0.3608550030443721
}