{
  "n_periods": 252,
  "total_return": 0.1852922615685335,
  "annualized_return": 0.1852922615685335,
  "annualized_volatility": 0.19745308510437923,
  "sharpe_ratio": 0.9384115799992836,
  "max_drawdown": -0.26630232472131243
}