{
  "n_periods": 252,
  "total_return": -0.1524048564636049,
  "annualized_return": -0.1524048564636049,
  "annualized_volatility": 0.1438776994522054,
  "sharpe_ratio": -1.0592667039010595,
  "max_drawdown": -0.2012966673639257
}