{
  "n_selected": 13,
  "expected_return": 0.00028300667931683014,
  "volatility": 0.0035875910836621304,
  "sharpe_m": 0.07888487643021552,
  "meta_nrp_method": "inverse_vol",
  "meta_nrp_min_vol": 1e-08,
  "meta_nrp_sigma": {
    "SPY": 0.00818213989417652,
    "QQQ": 0.011476322654798457,
    "IWM": 0.013838781807548736,
    "EFA": 0.008055249574845668,
    "EEM": 0.011251462716999013,
    "TLT": 0.008732937692354564,
    "IEF": 0.003342964632061262,
    "LQD": 0.0040653040600895415,
    "HYG": 0.002555132069281053,
    "TIP": 0.0029318009354590375,
    "GLD": 0.008618831900876625,
    "DBC": 0.012366229828693337,
    "VNQ": 0.009286765583655278
  }
}