{
  "n_selected": 13,
  "expected_return": 0.00027762706716898713,
  "volatility": 0.005436675252759181,
  "sharpe_m": 0.05106559694329506,
  "meta_nrp_method": "inverse_vol",
  "meta_nrp_min_vol": 1e-08,
  "meta_nrp_sigma": {
    "SPY": 0.015657085431564667,
    "QQQ": 0.017364856025832445,
    "IWM": 0.018443589526254793,
    "EFA": 0.014157352295798594,
    "EEM": 0.016756266110764407,
    "TLT": 0.010572105190186816,
    "IEF": 0.003966091849839481,
    "LQD": 0.0076935909216590305,
    "HYG": 0.007771539598306806,
    "TIP": 0.004294502401484241,
    "GLD": 0.008797625074229725,
    "DBC": 0.011468485003834928,
    "VNQ": 0.018554992107523406
  }
}