{
  "n_periods": 252,
  "total_return": 0.07923111904408042,
  "annualized_return": 0.07923111904408042,
  "annualized_volatility": 0.28875749287875396,
  "sharpe_ratio": 0.2743863657153606,
  "max_drawdown": -0.2741455154568876
}