{
  "n_periods": 252,
  "total_return": 0.0803220972339922,
  "annualized_return": 0.0803220972339922,
  "annualized_volatility": 0.18804848225213144,
  "sharpe_ratio": 0.42713504662216856,
  "max_drawdown": -0.23583208785882426
}