{
  "n_selected": 99,
  "expected_return": 0.0007262347655018622,
  "volatility": 0.008256521617708986,
  "sharpe_m": 0.08795892497201228,
  "meta_n_assets": 99
}