{
  "n_periods": 253,
  "total_return": 0.42405604352741055,
  "annualized_return": 0.4220676430243617,
  "annualized_volatility": 0.16164689139784985,
  "sharpe_ratio": 2.61104707535363,
  "max_drawdown": -0.07727991033591097
}