{
  "n_periods": 253,
  "total_return": 0.38976704932587936,
  "annualized_return": 0.3879602305247365,
  "annualized_volatility": 0.13433390036133813,
  "sharpe_ratio": 2.88802922777632,
  "max_drawdown": -0.07323765848463681
}