{
  "n_periods": 252,
  "total_return": -0.24038455128336877,
  "annualized_return": -0.24038455128336877,
  "annualized_volatility": 0.24479041910354338,
  "sharpe_ratio": -0.982001469517028,
  "max_drawdown": -0.34267932193267114
}