{
  "n_selected": 30,
  "expected_return": 0.0006290416977780147,
  "volatility": 0.015641135167356546,
  "sharpe_m": 0.0402171384012358,
  "meta_nrp_method": "inverse_vol",
  "meta_nrp_min_vol": 1e-08,
  "meta_nrp_sigma": {
    "AAPL": 0.02247698222926911,
    "AMGN": 0.01857514259281788,
    "AMZN": 0.020931576497103133,
    "AXP": 0.026743644239004105,
    "BA": 0.0359559611933633,
    "CAT": 0.023395528583770538,
    "CRM": 0.024052540073675938,
    "CSCO": 0.02129112774849714,
    "CVX": 0.02618431243916884,
    "DIS": 0.021493743290320916,
    "GS": 0.024327613681283985,
    "HD": 0.02097892874528149,
    "HON": 0.020137090006689323,
    "IBM": 0.019744215839655174,
    "JNJ": 0.01591868869590044,
    "JPM": 0.023429600235118184,
    "KO": 0.01602839962382105,
    "MCD": 0.019211783942092477,
    "MMM": 0.01977612474548069,
    "MRK": 0.016018312023542154,
    "MSFT": 0.02114782617581985,
    "NKE": 0.02111368565770297,
    "NVDA": 0.03361567484108355,
    "PG": 0.016873525484809967,
    "SHW": 0.021143725677794923,
    "TRV": 0.021127083456764152,
    "UNH": 0.023442890874327185,
    "V": 0.020949148341511473,
    "VZ": 0.013713891831192671,
    "WMT": 0.015506188483216315
  }
}