{
  "n_selected": 48,
  "expected_return": 0.0011608500180560724,
  "volatility": 0.011094156521248838,
  "sharpe_m": 0.10463616732220024,
  "meta_n_assets": 48
}