{
  "n_selected": 13,
  "expected_return": 0.0005280557187114195,
  "volatility": 0.008815881607799024,
  "sharpe_m": 0.059898231646426804,
  "meta_n_assets": 13
}