{
  "mean_terminal_value": 1.325836153945072,
  "median_terminal_value": 1.3174335329294757,
  "std_terminal_value": 0.16100413821868992,
  "min_terminal_value": 0.8739621137204563,
  "max_terminal_value": 2.2795145873231926,
  "prob_loss": 0.0095,
  "mean_terminal_return": 0.3258361539450719
}