{
  "n_selected": 21,
  "expected_return": 0.0008471821399238892,
  "volatility": 0.012751341973399976,
  "sharpe_m": 0.06643866517666605,
  "meta_nrp_method": "inverse_vol",
  "meta_nrp_min_vol": 1e-08,
  "meta_nrp_sigma": {
    "AAPL": 0.01978276989690756,
    "AMGN": 0.016792480964647635,
    "AMZN": 0.01686159859802201,
    "CRM": 0.02076352493623364,
    "CSCO": 0.018587494552634684,
    "CVX": 0.02432371801490233,
    "DIS": 0.024068902763922304,
    "HD": 0.020683219118187816,
    "HON": 0.02171489420694091,
    "JPM": 0.023637074477960318,
    "KO": 0.0163351592862427,
    "MCD": 0.01899567362127223,
    "MRK": 0.014091864647243681,
    "MSFT": 0.01680568113958946,
    "NKE": 0.022328922318813553,
    "NVDA": 0.02764349394403655,
    "PG": 0.01451179091564843,
    "UNH": 0.02303671876964819,
    "V": 0.019153631662634937,
    "VZ": 0.011684097306684823,
    "WMT": 0.01500944526190634
  }
}