{
  "n_selected": 30,
  "expected_return": 0.0008090283195304801,
  "volatility": 0.019888856838250923,
  "sharpe_m": 0.04067746709175006,
  "meta_nrp_method": "inverse_vol",
  "meta_nrp_min_vol": 1e-08,
  "meta_nrp_sigma": {
    "AAPL": 0.025241781176225945,
    "AMGN": 0.02246622877284408,
    "AMZN": 0.019740563382430378,
    "AXP": 0.035756481052771565,
    "BA": 0.04717836026048027,
    "CAT": 0.02611982734750343,
    "CRM": 0.02623728771562489,
    "CSCO": 0.0259764957775474,
    "CVX": 0.03437513780498502,
    "DIS": 0.02704419259347578,
    "GS": 0.030317058239298644,
    "HD": 0.026926863224506978,
    "HON": 0.02619228230572136,
    "IBM": 0.02379491127290593,
    "JNJ": 0.019166668407892655,
    "JPM": 0.030709175585712355,
    "KO": 0.020199244140812093,
    "MCD": 0.02494861975462192,
    "MMM": 0.023236602434120814,
    "MRK": 0.01969398863156292,
    "MSFT": 0.025163847565751938,
    "NKE": 0.024318921843479994,
    "NVDA": 0.035150703659192616,
    "PG": 0.020804175290162093,
    "SHW": 0.026512317431595423,
    "TRV": 0.027829072101806403,
    "UNH": 0.029521118486764357,
    "V": 0.025746203825356136,
    "VZ": 0.015420990698676812,
    "WMT": 0.018344741830329688
  }
}