{
  "n_periods": 252,
  "total_return": 0.1250397252474651,
  "annualized_return": 0.1250397252474651,
  "annualized_volatility": 0.3282550670654155,
  "sharpe_ratio": 0.3809224526686342,
  "max_drawdown": -0.3271414070410249
}