{
  "n_periods": 252,
  "total_return": 0.18538718205914795,
  "annualized_return": 0.18538718205914795,
  "annualized_volatility": 0.3092880172865123,
  "sharpe_ratio": 0.5993998205478893,
  "max_drawdown": -0.27620369400716993
}