{
  "n_periods": 252,
  "total_return": -0.003065367886596948,
  "annualized_return": -0.003065367886596948,
  "annualized_volatility": 0.3912417645702741,
  "sharpe_ratio": -0.007834971018403003,
  "max_drawdown": -0.41278680044806537
}