{
  "n_periods": 253,
  "total_return": 0.0760795271595518,
  "annualized_return": 0.07576770336651739,
  "annualized_volatility": 0.06544858289313729,
  "sharpe_ratio": 1.1576675921345598,
  "max_drawdown": -0.058067045655443184
}