{
  "n_selected": 12,
  "expected_return": 0.00021637553856159093,
  "volatility": 0.0024937269678094024,
  "sharpe_m": 0.08676793464348848,
  "meta_n_assets": 13,
  "meta_success": true,
  "meta_message": "Optimization terminated successfully",
  "meta_rf_per_period": 0.0,
  "meta_objective": 0.08676793464348848,
  "meta_allow_short": false,
  "meta_ret_kind_used": "simple"
}