{
  "n_periods": 252,
  "total_return": 0.19854215493074534,
  "annualized_return": 0.19854215493074534,
  "annualized_volatility": 0.19584709045763432,
  "sharpe_ratio": 1.0137610646490254,
  "max_drawdown": -0.23387094303164024
}