{
  "n_periods": 252,
  "total_return": 0.19353810763892754,
  "annualized_return": 0.19353810763892754,
  "annualized_volatility": 0.33977308996546707,
  "sharpe_ratio": 0.5696098759869354,
  "max_drawdown": -0.3376831469830438
}