{
  "n_selected": 30,
  "expected_return": 0.0007809893370436462,
  "volatility": 0.02103219155049419,
  "sharpe_m": 0.03713304603415403,
  "meta_n_assets": 30
}