{
  "n_selected": 13,
  "expected_return": 0.00026267079365830466,
  "volatility": 0.007097985069088617,
  "sharpe_m": 0.03700638858797031,
  "meta_n_assets": 13
}