{
  "n_periods": 253,
  "total_return": 0.07722310092715978,
  "annualized_return": 0.07690642461665842,
  "annualized_volatility": 0.06568905265365456,
  "sharpe_ratio": 1.1707647090322255,
  "max_drawdown": -0.05805302266260248
}