{
  "n_periods": 132,
  "total_return": 0.21439407105039843,
  "annualized_return": 0.4489393879599948,
  "annualized_volatility": 0.25801333126507675,
  "sharpe_ratio": 1.739985239362555,
  "max_drawdown": -0.15961487899086446
}