{
  "n_periods": 132,
  "total_return": 0.2772587492409535,
  "annualized_return": 0.5954972340586258,
  "annualized_volatility": 0.2709406004045916,
  "sharpe_ratio": 2.1978885156723593,
  "max_drawdown": -0.17147300522455056
}