{
  "n_selected": 99,
  "expected_return": 0.0009290851983323651,
  "volatility": 0.0214464041001396,
  "sharpe_m": 0.04332125768003772,
  "meta_n_assets": 99
}