{
  "n_selected": 13,
  "expected_return": 0.00016976201014175875,
  "volatility": 0.0025990719119277717,
  "sharpe_m": 0.0653163959652981,
  "meta_nrp_method": "inverse_vol",
  "meta_nrp_min_vol": 1e-08,
  "meta_nrp_sigma": {
    "SPY": 0.00957560939027718,
    "QQQ": 0.013342657528426153,
    "IWM": 0.011371547339320135,
    "EFA": 0.008315926319563662,
    "EEM": 0.012254120948158092,
    "TLT": 0.005519965269531624,
    "IEF": 0.002599745244351485,
    "LQD": 0.0023298698011408204,
    "HYG": 0.003156162184923646,
    "TIP": 0.0020355136529617425,
    "GLD": 0.005929578186839276,
    "DBC": 0.009257369386804945,
    "VNQ": 0.009161424305687381
  }
}