{
  "mean_terminal_value": 1.1761408153917665,
  "median_terminal_value": 1.134672664000199,
  "std_terminal_value": 0.2989791286559023,
  "min_terminal_value": 0.5154559035154767,
  "max_terminal_value": 2.841688185801745,
  "prob_loss": 0.311,
  "mean_terminal_return": 0.1761408153917663
}