{
  "n_periods": 253,
  "total_return": 0.305027464471362,
  "annualized_return": 0.30365494663182857,
  "annualized_volatility": 0.13656602439078364,
  "sharpe_ratio": 2.223502866005091,
  "max_drawdown": -0.08864948993259991
}