{
  "n_periods": 252,
  "total_return": -0.13890272464439923,
  "annualized_return": -0.13890272464439923,
  "annualized_volatility": 0.11347981828702214,
  "sharpe_ratio": -1.2240301997406753,
  "max_drawdown": -0.1799978224049006
}