{
  "n_periods": 252,
  "total_return": -0.10746930786866515,
  "annualized_return": -0.10746930786866515,
  "annualized_volatility": 0.23708889051940527,
  "sharpe_ratio": -0.45328698292537245,
  "max_drawdown": -0.2265238250197309
}