{
  "n_selected": 21,
  "expected_return": 0.0007875772807665478,
  "volatility": 0.005451555855398113,
  "sharpe_m": 0.14446835025760424,
  "meta_nrp_method": "inverse_vol",
  "meta_nrp_min_vol": 1e-08,
  "meta_nrp_sigma": {
    "AAPL": 0.013596068254772766,
    "AMGN": 0.013992935863699948,
    "AMZN": 0.013561856430296297,
    "CRM": 0.016032669684928398,
    "CSCO": 0.01117381821750291,
    "CVX": 0.014342013892172463,
    "DIS": 0.01545088058247072,
    "HD": 0.01105043218310055,
    "HON": 0.010373207248158297,
    "JPM": 0.013149831258431192,
    "KO": 0.008488239309215002,
    "MCD": 0.007956950946984502,
    "MRK": 0.013730647848764998,
    "MSFT": 0.010726075738993987,
    "NKE": 0.01712195749742424,
    "NVDA": 0.025661372108849948,
    "PG": 0.008046694805702899,
    "UNH": 0.011401770422613788,
    "V": 0.012715457313159007,
    "VZ": 0.008090632136514111,
    "WMT": 0.009131619367150946
  }
}