{
  "n_selected": 30,
  "expected_return": 0.0007903096162030565,
  "volatility": 0.0070156158342270175,
  "sharpe_m": 0.11265007019731334,
  "meta_nrp_method": "inverse_vol",
  "meta_nrp_min_vol": 1e-08,
  "meta_nrp_sigma": {
    "AAPL": 0.01581272305194617,
    "AMGN": 0.012578621586011831,
    "AMZN": 0.015177102852446967,
    "AXP": 0.017625052466652993,
    "BA": 0.022630350139762407,
    "CAT": 0.01608773707874246,
    "CRM": 0.017745524797452592,
    "CSCO": 0.0120892679491093,
    "CVX": 0.015435768886566906,
    "DIS": 0.0156462995736423,
    "GS": 0.015878992303661455,
    "HD": 0.012647249342087925,
    "HON": 0.011965904685104037,
    "IBM": 0.01440681476827533,
    "JNJ": 0.009131590145263588,
    "JPM": 0.013458804013103499,
    "KO": 0.009590838591672953,
    "MCD": 0.009640925972188569,
    "MMM": 0.011704291558105153,
    "MRK": 0.014807741845960577,
    "MSFT": 0.01325944378904325,
    "NKE": 0.017626947883589483,
    "NVDA": 0.028339451337539213,
    "PG": 0.00907959538878244,
    "SHW": 0.01147280041337372,
    "TRV": 0.013686344147390497,
    "UNH": 0.01205598890190679,
    "V": 0.015198468631337869,
    "VZ": 0.008989839655664572,
    "WMT": 0.010530931800831101
  }
}