{
  "n_periods": 252,
  "total_return": -0.1321670464002408,
  "annualized_return": -0.1321670464002408,
  "annualized_volatility": 0.11447098231279297,
  "sharpe_ratio": -1.1545899557242654,
  "max_drawdown": -0.1850033289542533
}