{
  "n_selected": 48,
  "expected_return": 0.0006852219047204097,
  "volatility": 0.010351460617679107,
  "sharpe_m": 0.06619567325118633,
  "meta_nrp_method": "inverse_vol",
  "meta_nrp_min_vol": 1e-08,
  "meta_nrp_sigma": {
    "NVDA": 0.02646766950591253,
    "MSFT": 0.014803319344963947,
    "AAPL": 0.017991421699439927,
    "AMZN": 0.01736135174634844,
    "GOOG": 0.015919756870980885,
    "META": 0.020655279826766248,
    "AVGO": 0.02304499059098436,
    "TSLA": 0.040720913146546564,
    "LLY": 0.014509981345968178,
    "JPM": 0.01874002163264539,
    "V": 0.015756152740583212,
    "WMT": 0.013753614056246196,
    "MA": 0.01853918317115037,
    "NFLX": 0.02195044751564609,
    "ORCL": 0.013975324979220913,
    "XOM": 0.017857181890851732,
    "COST": 0.01178074840519627,
    "HD": 0.016773131094809594,
    "PG": 0.012733639223117873,
    "BAC": 0.02087835909171746,
    "ABBV": 0.017969765504849133,
    "KO": 0.01316085753649626,
    "PM": 0.017385238744744298,
    "UNH": 0.018745113546906132,
    "CRM": 0.01880121784369962,
    "CSCO": 0.015835276792862438,
    "WFC": 0.01968468872660953,
    "CVX": 0.019334382972503485,
    "ABT": 0.015678180026142095,
    "MCD": 0.015228914298970631,
    "LIN": 0.015657816467100766,
    "AMD": 0.03421673150200397,
    "MRK": 0.012307868954664425,
    "TMO": 0.015043476001616821,
    "DIS": 0.019181222141292635,
    "PEP": 0.01137553484791764,
    "ACN": 0.01605607303656661,
    "TXN": 0.01649718527505768,
    "VZ": 0.01133507656786738,
    "AMGN": 0.01439766784827597,
    "ADBE": 0.01781736602792146,
    "NEE": 0.01471619679701807,
    "DHR": 0.013892178724565801,
    "PFE": 0.012028364693718404,
    "HON": 0.016937628756469238,
    "NKE": 0.019072265730394704,
    "UPS": 0.015144894587107159,
    "BMY": 0.01559558855645301
  }
}