{
  "n_periods": 252,
  "total_return": 0.24619203181025195,
  "annualized_return": 0.24619203181025195,
  "annualized_volatility": 0.21063632693318832,
  "sharpe_ratio": 1.1688013905044097,
  "max_drawdown": -0.27212457563587866
}