{
  "mean_terminal_value": 1.220472271092558,
  "median_terminal_value": 1.1826516833796532,
  "std_terminal_value": 0.33727330953558254,
  "min_terminal_value": 0.4724736927488924,
  "max_terminal_value": 2.994740032544363,
  "prob_loss": 0.278,
  "mean_terminal_return": 0.2204722710925582
}