{
  "n_periods": 252,
  "total_return": 0.08337279412041809,
  "annualized_return": 0.08337279412041809,
  "annualized_volatility": 0.19065620848711956,
  "sharpe_ratio": 0.43729388506144884,
  "max_drawdown": -0.2515711671963623
}