{
  "n_periods": 252,
  "total_return": -0.09492592365817243,
  "annualized_return": -0.09492592365817243,
  "annualized_volatility": 0.16661329739396138,
  "sharpe_ratio": -0.5697379809590928,
  "max_drawdown": -0.19887066140134657
}