{
  "n_selected": 48,
  "expected_return": 0.0011010335756602772,
  "volatility": 0.009348490889215364,
  "sharpe_m": 0.11777661108173675,
  "meta_nrp_method": "inverse_vol",
  "meta_nrp_min_vol": 1e-08,
  "meta_nrp_sigma": {
    "NVDA": 0.025231691560549198,
    "MSFT": 0.014141119914102095,
    "AAPL": 0.018003150203622597,
    "AMZN": 0.016400707637042163,
    "GOOG": 0.015792964375143097,
    "META": 0.01944402971794037,
    "AVGO": 0.019265757224814196,
    "TSLA": 0.039438783552761814,
    "LLY": 0.019001906193303206,
    "JPM": 0.018922988116935668,
    "V": 0.015234545647942792,
    "WMT": 0.01240265966806614,
    "MA": 0.018297460014594643,
    "NFLX": 0.020625335740238487,
    "ORCL": 0.01582241816109521,
    "XOM": 0.020359996748694233,
    "COST": 0.011105299405860978,
    "HD": 0.015047568051525226,
    "PG": 0.010899208579864405,
    "BAC": 0.02066550204938767,
    "ABBV": 0.01578757479280257,
    "KO": 0.012532996807483335,
    "PM": 0.014768973703428018,
    "UNH": 0.017493096198859037,
    "CRM": 0.020704433500245655,
    "CSCO": 0.015080473696056763,
    "WFC": 0.022111953112126444,
    "CVX": 0.019848300891550714,
    "ABT": 0.014673917731331549,
    "MCD": 0.013438501935361528,
    "LIN": 0.014713528303413942,
    "AMD": 0.027809285649807305,
    "MRK": 0.013323863472223972,
    "TMO": 0.015032812880865856,
    "DIS": 0.020475510245220988,
    "PEP": 0.010335128641892058,
    "ACN": 0.015595833710814702,
    "TXN": 0.015673067550496116,
    "VZ": 0.009903874235047194,
    "AMGN": 0.015159548479974005,
    "ADBE": 0.01748753015457853,
    "NEE": 0.014993242352747254,
    "DHR": 0.013815049196162195,
    "PFE": 0.016078149742844754,
    "HON": 0.016604049382704166,
    "NKE": 0.01845500781380969,
    "UPS": 0.016818188712245295,
    "BMY": 0.014129221617873023
  }
}