{
  "n_selected": 100,
  "expected_return": 0.0011224558295429544,
  "volatility": 0.013783219729404314,
  "sharpe_m": 0.08143640249370565,
  "meta_nrp_method": "inverse_vol",
  "meta_nrp_min_vol": 1e-08,
  "meta_nrp_sigma": {
    "NVDA": 0.030449790122636145,
    "MSFT": 0.019113947508940046,
    "AAPL": 0.021493117982094193,
    "AMZN": 0.018506729477460085,
    "GOOG": 0.018591379676302793,
    "META": 0.02226034795941048,
    "AVGO": 0.023878847695264493,
    "TSLA": 0.042202629343232635,
    "BRK-B": 0.014917245373036287,
    "LLY": 0.020716091114417017,
    "JPM": 0.022306436885113735,
    "V": 0.019006624887788533,
    "WMT": 0.013988902377952245,
    "MA": 0.022001865169375603,
    "NFLX": 0.024019270437795667,
    "ORCL": 0.01957517886454228,
    "XOM": 0.023016565391520895,
    "COST": 0.013922743303975511,
    "JNJ": 0.013587846502693674,
    "HD": 0.01864543483057681,
    "PG": 0.014241278864312817,
    "BAC": 0.024739031632779008,
    "ABBV": 0.017636969821602306,
    "KO": 0.015079742684163363,
    "PM": 0.017900158541176343,
    "PLTR": 0.031632865471595446,
    "UNH": 0.020917005805913116,
    "CRM": 0.023712312812365837,
    "CSCO": 0.01897006079278367,
    "IBM": 0.018597402229613955,
    "WFC": 0.026448495258699502,
    "CVX": 0.024850335364387553,
    "ABT": 0.017690088907430464,
    "MCD": 0.01652703341094449,
    "GE": 0.029718008478578133,
    "LIN": 0.017267069325939428,
    "AMD": 0.03340646234060064,
    "MRK": 0.015870200356227243,
    "TMO": 0.018004427104044225,
    "DIS": 0.021619126459262464,
    "PEP": 0.015193949442447384,
    "ACN": 0.017871280811435006,
    "INTU": 0.022106196456977575,
    "ISRG": 0.02185954171073135,
    "QCOM": 0.027064848439775396,
    "TXN": 0.02083799668785099,
    "VZ": 0.011828091878101542,
    "AMGN": 0.01745452042211406,
    "NOW": 0.02578702242214129,
    "ADBE": 0.02219672049706167,
    "CAT": 0.021171328008143815,
    "GS": 0.022753992432415972,
    "UBER": 0.034793588779241505,
    "RTX": 0.023753653790555336,
    "BKNG": 0.02429344665545345,
    "SPGI": 0.019925132857925836,
    "PGR": 0.017270361269075895,
    "T": 0.016106871411571588,
    "NEE": 0.01786375764937842,
    "BSX": 0.020100317283871516,
    "DHR": 0.016621930141615882,
    "PFE": 0.017529555220609637,
    "AXP": 0.026207502197248923,
    "LOW": 0.022532458604290075,
    "UNP": 0.019171629880535734,
    "TJX": 0.022080720792476784,
    "HON": 0.018946154642757985,
    "SYK": 0.020932281704368158,
    "SCHW": 0.024747757925316888,
    "ETN": 0.021898653993303808,
    "BLK": 0.020620194672111552,
    "C": 0.027676807012540886,
    "GILD": 0.01713451557358291,
    "DE": 0.02195654807408495,
    "AMAT": 0.02970230687284192,
    "BA": 0.03596673698049374,
    "PANW": 0.022804504781403258,
    "ADP": 0.01883145313465227,
    "MDT": 0.017847055708042903,
    "VRTX": 0.02159631837907949,
    "COP": 0.031134583552989686,
    "CB": 0.02042172321781177,
    "LRCX": 0.03080443138002156,
    "ADI": 0.02321665811656116,
    "MU": 0.030028935481609748,
    "SBUX": 0.01975890923195221,
    "KLAC": 0.02881243358076678,
    "ANET": 0.026660384563704585,
    "PLD": 0.01928999075646644,
    "MDLZ": 0.014743770185657945,
    "LMT": 0.01767729353476136,
    "NKE": 0.019696886448370813,
    "UPS": 0.019550451369041655,
    "SO": 0.0184531064339878,
    "MO": 0.017708792717317,
    "ICE": 0.01631250764074262,
    "BMY": 0.015778669157907647,
    "ELV": 0.024221164623579507,
    "WM": 0.01486219110480912,
    "DUK": 0.016784774607771308
  }
}