{
  "n_selected": 30,
  "expected_return": 0.0009883505302319552,
  "volatility": 0.01422897526099943,
  "sharpe_m": 0.06946041525147288,
  "meta_n_assets": 30
}