{
  "n_selected": 21,
  "expected_return": 0.0010171919186941843,
  "volatility": 0.01009372881735127,
  "sharpe_m": 0.1007746430581349,
  "meta_n_assets": 21
}