{
  "n_periods": 252,
  "total_return": -0.11071724176009878,
  "annualized_return": -0.11071724176009878,
  "annualized_volatility": 0.17624179540119211,
  "sharpe_ratio": -0.62821217582393,
  "max_drawdown": -0.20562499928219413
}