{
  "n_periods": 252,
  "total_return": -0.1715726506554539,
  "annualized_return": -0.1715726506554539,
  "annualized_volatility": 0.1977665283342593,
  "sharpe_ratio": -0.8675515118790311,
  "max_drawdown": -0.26543458678152576
}