{
  "n_periods": 252,
  "total_return": 0.17665959736010284,
  "annualized_return": 0.17665959736010284,
  "annualized_volatility": 0.3302765990713562,
  "sharpe_ratio": 0.5348837848543292,
  "max_drawdown": -0.32301625188168737
}