{
  "n_periods": 252,
  "total_return": 0.11999229864398675,
  "annualized_return": 0.11999229864398675,
  "annualized_volatility": 0.3363382208286658,
  "sharpe_ratio": 0.35676081757330835,
  "max_drawdown": -0.3442004137850396
}