{
  "n_periods": 252,
  "total_return": -0.31309215177822325,
  "annualized_return": -0.31309215177822325,
  "annualized_volatility": 0.3269837291733548,
  "sharpe_ratio": -0.9575159980276367,
  "max_drawdown": -0.32534151409268763
}