{
  "n_periods": 132,
  "total_return": 0.25107373974278224,
  "annualized_return": 0.533634662800281,
  "annualized_volatility": 0.27589200479867493,
  "sharpe_ratio": 1.9342157565953648,
  "max_drawdown": -0.1656216701706721
}