{
  "n_periods": 252,
  "total_return": -0.11557792852162385,
  "annualized_return": -0.11557792852162385,
  "annualized_volatility": 0.180092585469847,
  "sharpe_ratio": -0.641769499949653,
  "max_drawdown": -0.21627903363506495
}