{
  "n_periods": 132,
  "total_return": 0.1713666680077497,
  "annualized_return": 0.35251134863049405,
  "annualized_volatility": 0.30595670160893723,
  "sharpe_ratio": 1.152160899816018,
  "max_drawdown": -0.15945368534247528
}