{
  "n_selected": 13,
  "expected_return": 0.00041809138934044643,
  "volatility": 0.007159572381907659,
  "sharpe_m": 0.058396139746693436,
  "meta_nrp_method": "inverse_vol",
  "meta_nrp_min_vol": 1e-08,
  "meta_nrp_sigma": {
    "SPY": 0.019986333952974965,
    "QQQ": 0.02062827618428664,
    "IWM": 0.023500447676093186,
    "EFA": 0.0182338835958381,
    "EEM": 0.020308935101172838,
    "TLT": 0.013904717455585821,
    "IEF": 0.004974426172299218,
    "LQD": 0.0106380903416305,
    "HYG": 0.01053909602172279,
    "TIP": 0.005727617411890305,
    "GLD": 0.010921960507662238,
    "DBC": 0.013336066917622503,
    "VNQ": 0.02461382455686577
  }
}