{
  "n_selected": 99,
  "expected_return": 0.0004539226050839858,
  "volatility": 0.008961728778078,
  "sharpe_m": 0.05065123218126865,
  "meta_nrp_method": "inverse_vol",
  "meta_nrp_min_vol": 1e-08,
  "meta_nrp_sigma": {
    "NVDA": 0.03175438979112242,
    "MSFT": 0.01620719684138919,
    "AAPL": 0.01927385681610776,
    "AMZN": 0.022089217238722512,
    "GOOG": 0.016831038177634455,
    "META": 0.023453995790755657,
    "AVGO": 0.02219001821848192,
    "TSLA": 0.0376601196289611,
    "BRK-B": 0.01243738774348229,
    "LLY": 0.013348334762883086,
    "JPM": 0.012531120105828344,
    "V": 0.0147177409723637,
    "WMT": 0.012054633334643097,
    "MA": 0.01714082935112405,
    "NFLX": 0.02751093036320947,
    "ORCL": 0.013599695994236192,
    "XOM": 0.012117128859953032,
    "COST": 0.013263405800959732,
    "JNJ": 0.011850321705354033,
    "HD": 0.012492011477665923,
    "PG": 0.0117243735771548,
    "BAC": 0.015201656587615957,
    "ABBV": 0.01656305755032024,
    "KO": 0.01032762566947707,
    "PM": 0.01454829992122672,
    "UNH": 0.015134366963771862,
    "CRM": 0.0217017629045086,
    "CSCO": 0.015272767558009118,
    "IBM": 0.014658945391514773,
    "WFC": 0.012277199719099251,
    "CVX": 0.013868257432947367,
    "ABT": 0.013784078002197117,
    "MCD": 0.010809386376938498,
    "GE": 0.027437352195320903,
    "LIN": 0.014472269615772068,
    "AMD": 0.043471149305133,
    "MRK": 0.01122093376510951,
    "TMO": 0.014439934831021947,
    "DIS": 0.013910872017703343,
    "PEP": 0.01080809600111081,
    "ACN": 0.012877771277571443,
    "INTU": 0.01814626376989674,
    "ISRG": 0.020845171017397853,
    "QCOM": 0.024888477602299557,
    "TXN": 0.018140455824514425,
    "VZ": 0.011792037253638617,
    "AMGN": 0.013610031252106133,
    "NOW": 0.025823388347877962,
    "ADBE": 0.02122032339759412,
    "CAT": 0.020347424278053382,
    "GS": 0.016302676273852176,
    "UBER": 0.009617576398689211,
    "RTX": 0.014243026069090623,
    "BKNG": 0.016623450963278313,
    "SPGI": 0.012976850091579778,
    "PGR": 0.014984262305971267,
    "T": 0.014212549428066129,
    "NEE": 0.009753737443679153,
    "BSX": 0.017842973283721197,
    "DHR": 0.013437682348186495,
    "PFE": 0.01200985394732603,
    "AXP": 0.012427813423389632,
    "LOW": 0.01680023617814376,
    "UNP": 0.015302625658287397,
    "TJX": 0.012870787563207428,
    "HON": 0.011237798038151897,
    "SYK": 0.014963482427255074,
    "SCHW": 0.016516712630202456,
    "ETN": 0.013604561539235338,
    "BLK": 0.015074094884695648,
    "C": 0.0154863672770271,
    "GILD": 0.015506560215447432,
    "DE": 0.0189166257461049,
    "AMAT": 0.023385280695967386,
    "BA": 0.019034105305794042,
    "PANW": 0.02024177487932797,
    "ADP": 0.013202215091899084,
    "MDT": 0.01196210441836595,
    "VRTX": 0.02106265875708036,
    "COP": 0.01795528324958126,
    "CB": 0.010600891401684747,
    "LRCX": 0.0237504192171461,
    "ADI": 0.017905611542839567,
    "MU": 0.0283087240541889,
    "SBUX": 0.014165927311887474,
    "KLAC": 0.021838163536436986,
    "ANET": 0.02697023324859965,
    "PLD": 0.012676974340625586,
    "MDLZ": 0.010445666095731122,
    "LMT": 0.01347860499069504,
    "NKE": 0.01736685287942123,
    "UPS": 0.015775516904572528,
    "SO": 0.010700940783467495,
    "MO": 0.016016720112685363,
    "ICE": 0.010891441819671758,
    "BMY": 0.017453947748452322,
    "ELV": 0.01740889602310683,
    "WM": 0.010259898458983925,
    "DUK": 0.009846683795876747
  }
}