{
  "n_selected": 30,
  "expected_return": 0.0006112261663317251,
  "volatility": 0.008514524339934326,
  "sharpe_m": 0.0717862962074097,
  "meta_nrp_method": "inverse_vol",
  "meta_nrp_min_vol": 1e-08,
  "meta_nrp_sigma": {
    "AAPL": 0.016767017187855105,
    "AMGN": 0.01327394897598014,
    "AMZN": 0.019633320941540165,
    "AXP": 0.012294711871205774,
    "BA": 0.017734384647120408,
    "CAT": 0.017927196747711947,
    "CRM": 0.01796669404970219,
    "CSCO": 0.01428664803552521,
    "CVX": 0.01299057356441935,
    "DIS": 0.013037675172778625,
    "GS": 0.015001261498510748,
    "HD": 0.01229958340786222,
    "HON": 0.010298021683959147,
    "IBM": 0.013770996037889892,
    "JNJ": 0.011265386633178501,
    "JPM": 0.012332123432839443,
    "KO": 0.009151515244974755,
    "MCD": 0.011033389292542738,
    "MMM": 0.014189760305873374,
    "MRK": 0.011734446168646415,
    "MSFT": 0.015085596540234378,
    "NKE": 0.01639680267709657,
    "NVDA": 0.028270151860096255,
    "PG": 0.010362841503397897,
    "SHW": 0.013179594280036643,
    "TRV": 0.011098235807349675,
    "UNH": 0.01387934030015155,
    "V": 0.01314370945442078,
    "VZ": 0.012173873443747278,
    "WMT": 0.01345243056034607
  }
}