{
  "n_selected": 30,
  "expected_return": 0.000669578283224807,
  "volatility": 0.007663889249145913,
  "sharpe_m": 0.08736794876040606,
  "meta_nrp_method": "inverse_vol",
  "meta_nrp_min_vol": 1e-08,
  "meta_nrp_sigma": {
    "AAPL": 0.015129739251678126,
    "AMGN": 0.013499171420320791,
    "AMZN": 0.017337630818443688,
    "AXP": 0.012416735865002597,
    "BA": 0.015767410740577224,
    "CAT": 0.017073380322605018,
    "CRM": 0.016885127271436467,
    "CSCO": 0.013021828067941953,
    "CVX": 0.012093345415149346,
    "DIS": 0.01147850357631806,
    "GS": 0.014909949180049826,
    "HD": 0.01127988447391859,
    "HON": 0.009919452513472751,
    "IBM": 0.0125681421360223,
    "JNJ": 0.010157974584693192,
    "JPM": 0.012313285192381906,
    "KO": 0.008624846155876307,
    "MCD": 0.010212620657904058,
    "MMM": 0.012331211762344437,
    "MRK": 0.012006456206503284,
    "MSFT": 0.013633738910831224,
    "NKE": 0.015103250412643121,
    "NVDA": 0.02925135540945936,
    "PG": 0.009660081989035665,
    "SHW": 0.013227397645075923,
    "TRV": 0.010304460463264553,
    "UNH": 0.012756433985401746,
    "V": 0.012168786129091827,
    "VZ": 0.011349959610066554,
    "WMT": 0.012081623298563804
  }
}