{
  "n_periods": 252,
  "total_return": 0.16444570398017588,
  "annualized_return": 0.16444570398017588,
  "annualized_volatility": 0.363595901685947,
  "sharpe_ratio": 0.45227601086168046,
  "max_drawdown": -0.37295645435852587
}