{
  "n_periods": 253,
  "total_return": 0.39075248292753906,
  "annualized_return": 0.38894049167249856,
  "annualized_volatility": 0.13511584158251902,
  "sharpe_ratio": 2.878570618493774,
  "max_drawdown": -0.07313492388333653
}