{
  "n_periods": 253,
  "total_return": 0.42388209118274234,
  "annualized_return": 0.4218946201251288,
  "annualized_volatility": 0.16191774179887067,
  "sharpe_ratio": 2.6056108208894955,
  "max_drawdown": -0.07713485220718785
}