{
  "n_selected": 99,
  "expected_return": 0.0003953220751638051,
  "volatility": 0.0099567079576089,
  "sharpe_m": 0.03970409465125475,
  "meta_n_assets": 99
}