{
  "n_selected": 48,
  "expected_return": 0.0004898976276987399,
  "volatility": 0.00807707176639427,
  "sharpe_m": 0.0606528754315424,
  "meta_n_assets": 48
}