{
  "n_periods": 253,
  "total_return": 0.3546638939372133,
  "annualized_return": 0.35303952158314655,
  "annualized_volatility": 0.16295161982643655,
  "sharpe_ratio": 2.1665296850634372,
  "max_drawdown": -0.09294230408689153
}