{
  "n_selected": 21,
  "expected_return": 0.0007104344011332501,
  "volatility": 0.011174823592909448,
  "sharpe_m": 0.06357455177941501,
  "meta_n_assets": 21
}