{
  "n_periods": 252,
  "total_return": 0.1057779961439842,
  "annualized_return": 0.1057779961439842,
  "annualized_volatility": 0.11540440062454214,
  "sharpe_ratio": 0.9165854644323609,
  "max_drawdown": -0.15549049925181557
}