{
  "n_periods": 252,
  "total_return": -0.07643019426289988,
  "annualized_return": -0.07643019426289988,
  "annualized_volatility": 0.16126245079350698,
  "sharpe_ratio": -0.47394910524314837,
  "max_drawdown": -0.17840780204129925
}