{
  "n_selected": 13,
  "expected_return": 0.00023939592331184418,
  "volatility": 0.008236599781625354,
  "sharpe_m": 0.029064896882072793,
  "meta_n_assets": 13
}