{
  "n_selected": 48,
  "expected_return": 0.0007221641395990672,
  "volatility": 0.010991291133477058,
  "sharpe_m": 0.06570330371829693,
  "meta_n_assets": 48
}