{
  "n_periods": 253,
  "total_return": 0.417569578457885,
  "annualized_return": 0.4156157792018935,
  "annualized_volatility": 0.1255613263748799,
  "sharpe_ratio": 3.3100620326438555,
  "max_drawdown": -0.06688195347595283
}