{
  "n_periods": 252,
  "total_return": -0.04800894268403777,
  "annualized_return": -0.04800894268403777,
  "annualized_volatility": 0.16565050454639083,
  "sharpe_ratio": -0.2898206849143206,
  "max_drawdown": -0.1706385512912908
}