{
  "n_periods": 252,
  "total_return": -0.09648337086521519,
  "annualized_return": -0.09648337086521519,
  "annualized_volatility": 0.16638808360655097,
  "sharpe_ratio": -0.5798694760699586,
  "max_drawdown": -0.19997297572655748
}