{
  "n_periods": 252,
  "total_return": -0.07702076620394671,
  "annualized_return": -0.07702076620394671,
  "annualized_volatility": 0.19752590622661997,
  "sharpe_ratio": -0.38992741597945824,
  "max_drawdown": -0.20580514437711417
}