{
  "n_periods": 252,
  "total_return": 0.007313413123423151,
  "annualized_return": 0.007313413123423151,
  "annualized_volatility": 0.36083432932524306,
  "sharpe_ratio": 0.020268063565623502,
  "max_drawdown": -0.37563240647104157
}