{
  "n_selected": 30,
  "expected_return": 0.000931001682565072,
  "volatility": 0.01343421057848905,
  "sharpe_m": 0.06930081057801776,
  "meta_nrp_method": "inverse_vol",
  "meta_nrp_min_vol": 1e-08,
  "meta_nrp_sigma": {
    "AAPL": 0.021493117982094193,
    "AMGN": 0.01745452042211406,
    "AMZN": 0.018506729477460085,
    "AXP": 0.026207502197248923,
    "BA": 0.03596673698049374,
    "CAT": 0.021171328008143815,
    "CRM": 0.023712312812365837,
    "CSCO": 0.01897006079278367,
    "CVX": 0.024850335364387553,
    "DIS": 0.021619126459262464,
    "GS": 0.022753992432415972,
    "HD": 0.01864543483057681,
    "HON": 0.018946154642757985,
    "IBM": 0.018597402229613955,
    "JNJ": 0.013587846502693674,
    "JPM": 0.022306436885113735,
    "KO": 0.015079742684163363,
    "MCD": 0.01652703341094449,
    "MMM": 0.017697142609344768,
    "MRK": 0.015870200356227243,
    "MSFT": 0.019113947508940046,
    "NKE": 0.019696886448370813,
    "NVDA": 0.030449790122636145,
    "PG": 0.014241278864312817,
    "SHW": 0.0185978279745998,
    "TRV": 0.020185572479276864,
    "UNH": 0.020917005805913116,
    "V": 0.019006624887788533,
    "VZ": 0.011828091878101542,
    "WMT": 0.013988902377952245
  }
}