{
  "n_selected": 21,
  "expected_return": 0.000937883324799208,
  "volatility": 0.00948385851750412,
  "sharpe_m": 0.09889258924183444,
  "meta_nrp_method": "inverse_vol",
  "meta_nrp_min_vol": 1e-08,
  "meta_nrp_sigma": {
    "AAPL": 0.018003150203622597,
    "AMGN": 0.015159548479974005,
    "AMZN": 0.016400707637042163,
    "CRM": 0.020704433500245655,
    "CSCO": 0.015080473696056763,
    "CVX": 0.019848300891550714,
    "DIS": 0.020475510245220988,
    "HD": 0.015047568051525226,
    "HON": 0.016604049382704166,
    "JPM": 0.018922988116935668,
    "KO": 0.012532996807483335,
    "MCD": 0.013438501935361528,
    "MRK": 0.013323863472223972,
    "MSFT": 0.014141119914102095,
    "NKE": 0.01845500781380969,
    "NVDA": 0.025231691560549198,
    "PG": 0.010899208579864405,
    "UNH": 0.017493096198859037,
    "V": 0.015234545647942792,
    "VZ": 0.009903874235047194,
    "WMT": 0.01240265966806614
  }
}