{
  "mean_terminal_value": 1.137631088184528,
  "median_terminal_value": 1.12162935613304,
  "std_terminal_value": 0.16889965300582155,
  "min_terminal_value": 0.6841045818963649,
  "max_terminal_value": 1.815918119070057,
  "prob_loss": 0.202,
  "mean_terminal_return": 0.137631088184528
}