{
  "n_periods": 252,
  "total_return": -0.05433499453587254,
  "annualized_return": -0.05433499453587254,
  "annualized_volatility": 0.1434147516337124,
  "sharpe_ratio": -0.3788661481257278,
  "max_drawdown": -0.17489438134392
}