{
  "n_periods": 132,
  "total_return": 0.24109505462423053,
  "annualized_return": 0.5103665501529422,
  "annualized_volatility": 0.25299344766285464,
  "sharpe_ratio": 2.017311336983989,
  "max_drawdown": -0.16379358358056628
}