{
  "n_periods": 252,
  "total_return": 0.11133375344001317,
  "annualized_return": 0.11133375344001317,
  "annualized_volatility": 0.1053719962825624,
  "sharpe_ratio": 1.0565781931421694,
  "max_drawdown": -0.15337586550280358
}