{
  "n_selected": 30,
  "expected_return": 0.0006815199206964376,
  "volatility": 0.014193862944069281,
  "sharpe_m": 0.04801511212148218,
  "meta_n_assets": 30
}