{
  "n_periods": 252,
  "total_return": -0.05599265960152311,
  "annualized_return": -0.05599265960152311,
  "annualized_volatility": 0.1975688071959742,
  "sharpe_ratio": -0.28340840032496817,
  "max_drawdown": -0.1671844987070814
}