{
  "n_periods": 252,
  "total_return": -0.0696786240852193,
  "annualized_return": -0.0696786240852193,
  "annualized_volatility": 0.16749753721996535,
  "sharpe_ratio": -0.4159979020689371,
  "max_drawdown": -0.17106649967389242
}