{
  "n_selected": 13,
  "expected_return": 0.0001995627359381464,
  "volatility": 0.002908924133412396,
  "sharpe_m": 0.06860362346543693,
  "meta_nrp_method": "inverse_vol",
  "meta_nrp_min_vol": 1e-08,
  "meta_nrp_sigma": {
    "SPY": 0.00792022065151738,
    "QQQ": 0.010606907862277797,
    "IWM": 0.009889498704792742,
    "EFA": 0.00817842049811568,
    "EEM": 0.011328052824727982,
    "TLT": 0.0065066076756444225,
    "IEF": 0.002844284462484665,
    "LQD": 0.002707479162845738,
    "HYG": 0.003322508756356797,
    "TIP": 0.002260576089074648,
    "GLD": 0.006867938899555478,
    "DBC": 0.008770113305882779,
    "VNQ": 0.008682300634179761
  }
}