{
  "n_periods": 253,
  "total_return": 0.26219929388864727,
  "annualized_return": 0.2610381276816176,
  "annualized_volatility": 0.16111485346273605,
  "sharpe_ratio": 1.6201990199618226,
  "max_drawdown": -0.0828918547590578
}