{
  "n_periods": 253,
  "total_return": 0.3152476273570126,
  "annualized_return": 0.3138238504202462,
  "annualized_volatility": 0.20425780025408208,
  "sharpe_ratio": 1.53641060478411,
  "max_drawdown": -0.11201105533110522
}