{
  "n_periods": 253,
  "total_return": 0.07548022390636588,
  "annualized_return": 0.07517094122220636,
  "annualized_volatility": 0.0654998884024476,
  "sharpe_ratio": 1.1476499129332467,
  "max_drawdown": -0.058402115773104724
}