{
  "n_periods": 252,
  "total_return": 0.10513182488691597,
  "annualized_return": 0.10513182488691597,
  "annualized_volatility": 0.39279203800263596,
  "sharpe_ratio": 0.2676526373129041,
  "max_drawdown": -0.4204669823273324
}