{
  "n_periods": 252,
  "total_return": 0.17884221167543468,
  "annualized_return": 0.17884221167543468,
  "annualized_volatility": 0.2121409116825544,
  "sharpe_ratio": 0.8430349914921288,
  "max_drawdown": -0.27162037762437585
}