{
  "n_selected": 48,
  "expected_return": 0.0011596030860950128,
  "volatility": 0.005989300865459619,
  "sharpe_m": 0.19361242858619104,
  "meta_n_assets": 48
}