{
  "n_periods": 253,
  "total_return": 0.3756731077289761,
  "annualized_return": 0.37393996519389194,
  "annualized_volatility": 0.15697479824066762,
  "sharpe_ratio": 2.382165604829011,
  "max_drawdown": -0.08167588930018066
}