{
  "n_periods": 253,
  "total_return": 0.023643954961861224,
  "annualized_return": 0.023549408751422973,
  "annualized_volatility": 0.058597401351845095,
  "sharpe_ratio": 0.40188486533765816,
  "max_drawdown": -0.05335107988293519
}