{
  "n_periods": 252,
  "total_return": 0.20164031396501758,
  "annualized_return": 0.20164031396501758,
  "annualized_volatility": 0.3416524444930457,
  "sharpe_ratio": 0.5901913398108936,
  "max_drawdown": -0.340148402202317
}