{
  "n_periods": 252,
  "total_return": 0.2996311079698124,
  "annualized_return": 0.2996311079698124,
  "annualized_volatility": 0.20171316106877396,
  "sharpe_ratio": 1.4854316217257306,
  "max_drawdown": -0.26801904614327365
}