{
  "n_selected": 99,
  "expected_return": 0.000657714099939906,
  "volatility": 0.015995760639055143,
  "sharpe_m": 0.041118025880809664,
  "meta_nrp_method": "inverse_vol",
  "meta_nrp_min_vol": 1e-08,
  "meta_nrp_sigma": {
    "NVDA": 0.03361567484108355,
    "MSFT": 0.02114782617581985,
    "AAPL": 0.02247698222926911,
    "AMZN": 0.020931576497103133,
    "GOOG": 0.020086024153140408,
    "META": 0.024227815268428998,
    "AVGO": 0.027717361448862644,
    "TSLA": 0.04334562903720954,
    "BRK-B": 0.016787014393509655,
    "LLY": 0.01831736933788809,
    "JPM": 0.023429600235118184,
    "V": 0.020949148341511473,
    "WMT": 0.015506188483216315,
    "MA": 0.02362170122063589,
    "NFLX": 0.026850377341913367,
    "ORCL": 0.020435735017454878,
    "XOM": 0.02115083199318441,
    "COST": 0.01571130383970071,
    "JNJ": 0.01591868869590044,
    "HD": 0.02097892874528149,
    "PG": 0.016873525484809967,
    "BAC": 0.02578922688043338,
    "ABBV": 0.020290195141591996,
    "KO": 0.01602839962382105,
    "PM": 0.020347204911721435,
    "UNH": 0.023442890874327185,
    "CRM": 0.024052540073675938,
    "CSCO": 0.02129112774849714,
    "IBM": 0.019744215839655174,
    "WFC": 0.02512634197011052,
    "CVX": 0.02618431243916884,
    "ABT": 0.018920613469935513,
    "MCD": 0.019211783942092477,
    "GE": 0.032788211940705816,
    "LIN": 0.019004489670683987,
    "AMD": 0.039921292075516535,
    "MRK": 0.016018312023542154,
    "TMO": 0.018695798907044377,
    "DIS": 0.021493743290320916,
    "PEP": 0.017675005512595078,
    "ACN": 0.01931157011683913,
    "INTU": 0.02369958186677309,
    "ISRG": 0.024169935424330602,
    "QCOM": 0.027254584508244625,
    "TXN": 0.02325594523518715,
    "VZ": 0.013713891831192671,
    "AMGN": 0.01857514259281788,
    "NOW": 0.02829268221455998,
    "ADBE": 0.024517539217685562,
    "CAT": 0.023395528583770538,
    "GS": 0.024327613681283985,
    "UBER": 0.03322746952335078,
    "RTX": 0.024695049430325883,
    "BKNG": 0.022980940156152926,
    "SPGI": 0.021925915889250643,
    "PGR": 0.019040350912304917,
    "T": 0.0183266340895887,
    "NEE": 0.018706394014626492,
    "BSX": 0.022233484367473088,
    "DHR": 0.017167854659623054,
    "PFE": 0.016260854070593144,
    "AXP": 0.026743644239004105,
    "LOW": 0.024791090897105728,
    "UNP": 0.02125326815406767,
    "TJX": 0.02253889728145789,
    "HON": 0.020137090006689323,
    "SYK": 0.022778758111458436,
    "SCHW": 0.0255422844374618,
    "ETN": 0.02418545733870703,
    "BLK": 0.023387031191995766,
    "C": 0.029108405894661835,
    "GILD": 0.019588156816605994,
    "DE": 0.023773577563816643,
    "AMAT": 0.030961284780811442,
    "BA": 0.0359559611933633,
    "PANW": 0.023435632525576563,
    "ADP": 0.020637016091481632,
    "MDT": 0.0184509072164333,
    "VRTX": 0.023103307838193293,
    "COP": 0.03145594198241655,
    "CB": 0.020635977953339324,
    "LRCX": 0.032491136183261306,
    "ADI": 0.025705166513806135,
    "MU": 0.03331770796681814,
    "SBUX": 0.021638043028173383,
    "KLAC": 0.030323944049254304,
    "ANET": 0.030112446985631498,
    "PLD": 0.021404867494878046,
    "MDLZ": 0.01651169151333388,
    "LMT": 0.019669786511272824,
    "NKE": 0.02111368565770297,
    "UPS": 0.019608729581862598,
    "SO": 0.021167038274469602,
    "MO": 0.01934289502418563,
    "ICE": 0.0180210747191731,
    "BMY": 0.017667720286530908,
    "ELV": 0.02597737305278418,
    "WM": 0.016390489158060503,
    "DUK": 0.018538583627358184
  }
}