{
  "n_periods": 252,
  "total_return": -0.12418334454816504,
  "annualized_return": -0.12418334454816504,
  "annualized_volatility": 0.12971866533155169,
  "sharpe_ratio": -0.9573282629046579,
  "max_drawdown": -0.1671867012120436
}