{
  "mean_terminal_value": 1.021528783462221,
  "median_terminal_value": 1.012957444833666,
  "std_terminal_value": 0.1025922586455272,
  "min_terminal_value": 0.7873109442721556,
  "max_terminal_value": 1.516441055564916,
  "prob_loss": 0.43,
  "mean_terminal_return": 0.021528783462221014
}