{
  "n_selected": 99,
  "expected_return": 0.0006822955002257123,
  "volatility": 0.013833351601942724,
  "sharpe_m": 0.04932250114497865,
  "meta_nrp_method": "inverse_vol",
  "meta_nrp_min_vol": 1e-08,
  "meta_nrp_sigma": {
    "NVDA": 0.030771730771758106,
    "MSFT": 0.0190271440560363,
    "AAPL": 0.02000268013278445,
    "AMZN": 0.019656058619853648,
    "GOOG": 0.018281562800091064,
    "META": 0.021945872980639873,
    "AVGO": 0.024886416046136808,
    "TSLA": 0.03825690779468751,
    "BRK-B": 0.015120213662262488,
    "LLY": 0.01631513385692579,
    "JPM": 0.020359916719639947,
    "V": 0.018309758214957953,
    "WMT": 0.015244751147709708,
    "MA": 0.020476144471710766,
    "NFLX": 0.0256794966876601,
    "ORCL": 0.018641436299593993,
    "XOM": 0.018340753914513997,
    "COST": 0.014909650700478354,
    "JNJ": 0.014375217988873104,
    "HD": 0.01848742224240765,
    "PG": 0.014673398699864485,
    "BAC": 0.022544542810624596,
    "ABBV": 0.020203378406051128,
    "KO": 0.013831270252434151,
    "PM": 0.01868167965440095,
    "UNH": 0.020441512475794153,
    "CRM": 0.021065852437708612,
    "CSCO": 0.018983438960864536,
    "IBM": 0.017733116104945445,
    "WFC": 0.021940889930324583,
    "CVX": 0.02246939778831469,
    "ABT": 0.01685227478912345,
    "MCD": 0.016966928213647498,
    "GE": 0.028721357792340436,
    "LIN": 0.01714017309017828,
    "AMD": 0.03697470933235299,
    "MRK": 0.014851802495965481,
    "TMO": 0.016841426496008078,
    "DIS": 0.018873980167600654,
    "PEP": 0.015261836773462118,
    "ACN": 0.01707152684669833,
    "INTU": 0.02050845505006108,
    "ISRG": 0.02182335569176041,
    "QCOM": 0.024649576408111124,
    "TXN": 0.020917721531169695,
    "VZ": 0.013332520737914693,
    "AMGN": 0.01689403349345097,
    "NOW": 0.025119955465464763,
    "ADBE": 0.022331800952644427,
    "CAT": 0.020994417191116787,
    "GS": 0.021339822015120854,
    "UBER": 0.027103359937374272,
    "RTX": 0.02122503702876657,
    "BKNG": 0.020778874679486338,
    "SPGI": 0.019245008784744756,
    "PGR": 0.016918098654789125,
    "T": 0.016700040362003156,
    "NEE": 0.01613334618012785,
    "BSX": 0.019784739971096203,
    "DHR": 0.015304583856459147,
    "PFE": 0.014498030343035533,
    "AXP": 0.022923079681622716,
    "LOW": 0.022578150244045657,
    "UNP": 0.019160607932611207,
    "TJX": 0.01976314268814209,
    "HON": 0.017279191431245493,
    "SYK": 0.019835698240152168,
    "SCHW": 0.022595963660206053,
    "ETN": 0.020955479934784325,
    "BLK": 0.020487737569422945,
    "C": 0.024825495007455862,
    "GILD": 0.018422869386486813,
    "DE": 0.021324786639631593,
    "AMAT": 0.02851987876324285,
    "BA": 0.030847583247144362,
    "PANW": 0.022036205777152252,
    "ADP": 0.018545302445505632,
    "MDT": 0.01656006500190249,
    "VRTX": 0.022754943499428446,
    "COP": 0.027061919831151807,
    "CB": 0.017946998933694083,
    "LRCX": 0.02974101394399862,
    "ADI": 0.02270112574914828,
    "MU": 0.03189301935160075,
    "SBUX": 0.018965369413717438,
    "KLAC": 0.027299618972401157,
    "ANET": 0.029903872915675513,
    "PLD": 0.018700640323522477,
    "MDLZ": 0.014941427166809696,
    "LMT": 0.017351173793985014,
    "NKE": 0.019380922535957544,
    "UPS": 0.017482476936446313,
    "SO": 0.018097484704013837,
    "MO": 0.01765632172616791,
    "ICE": 0.01619947542837799,
    "BMY": 0.016577646568608485,
    "ELV": 0.022617369953215036,
    "WM": 0.014393621036472893,
    "DUK": 0.01583204373929794
  }
}