{
  "n_selected": 100,
  "expected_return": 0.0010678262550445259,
  "volatility": 0.015932229201361565,
  "sharpe_m": 0.06702302870167533,
  "meta_nrp_method": "inverse_vol",
  "meta_nrp_min_vol": 1e-08,
  "meta_nrp_sigma": {
    "NVDA": 0.032632585695534316,
    "MSFT": 0.021680365910048592,
    "AAPL": 0.023603441040580105,
    "AMZN": 0.020245198162913473,
    "GOOG": 0.02006336048082827,
    "META": 0.024312942154032808,
    "AVGO": 0.026110788474268867,
    "TSLA": 0.04683719515403599,
    "BRK-B": 0.017009356004084607,
    "LLY": 0.02364734954917348,
    "JPM": 0.02602798663851007,
    "V": 0.02184435407746904,
    "WMT": 0.015898632938447208,
    "MA": 0.025210165975943548,
    "NFLX": 0.02505765425120453,
    "ORCL": 0.022286016131100157,
    "XOM": 0.02699909433494769,
    "COST": 0.015481792821485423,
    "JNJ": 0.014958392621781754,
    "HD": 0.021362610531468505,
    "PG": 0.015820559945823456,
    "BAC": 0.028500865216500998,
    "ABBV": 0.017940552044418336,
    "KO": 0.016856181013411357,
    "PM": 0.019087212303108607,
    "PLTR": 0.03873759658109592,
    "UNH": 0.02304847563673322,
    "CRM": 0.026695844693079344,
    "CSCO": 0.020534766721417564,
    "IBM": 0.020866174003893845,
    "WFC": 0.03119069532040831,
    "CVX": 0.029330546335142642,
    "ABT": 0.01986925459247116,
    "MCD": 0.019107251165193396,
    "GE": 0.031539399351283665,
    "LIN": 0.019326063662796312,
    "AMD": 0.03304230687728282,
    "MRK": 0.01762915461138467,
    "TMO": 0.019660550822999966,
    "DIS": 0.02448336073664121,
    "PEP": 0.017559723980414603,
    "ACN": 0.02056964924988691,
    "INTU": 0.024842478312735245,
    "ISRG": 0.02375593480373473,
    "QCOM": 0.028028279713146274,
    "TXN": 0.02257517382717997,
    "VZ": 0.012654406715163402,
    "AMGN": 0.01925409584195055,
    "NOW": 0.027297614634987873,
    "ADBE": 0.025039492068476547,
    "CAT": 0.022995345001026304,
    "GS": 0.02583318573251316,
    "UBER": 0.03932128511840053,
    "RTX": 0.0275747622686491,
    "BKNG": 0.027586979647683474,
    "SPGI": 0.02278391573106207,
    "PGR": 0.01877985187659671,
    "T": 0.018060158298522578,
    "NEE": 0.02094111534574734,
    "BSX": 0.022288312435948636,
    "DHR": 0.018239843628124232,
    "PFE": 0.01972707835907024,
    "AXP": 0.031191231961886026,
    "LOW": 0.025039966391304274,
    "UNP": 0.02078553397897837,
    "TJX": 0.025562443243052367,
    "HON": 0.021873310913825855,
    "SYK": 0.023775731328682746,
    "SCHW": 0.027348642740803536,
    "ETN": 0.024987525173291513,
    "BLK": 0.023557765025180737,
    "C": 0.03211731403379903,
    "GILD": 0.018757735515453254,
    "DE": 0.02426766287193704,
    "AMAT": 0.03270413423080505,
    "BA": 0.04212348778657767,
    "PANW": 0.0248055966647881,
    "ADP": 0.02161378368499875,
    "MDT": 0.020611307983915694,
    "VRTX": 0.02360190281521449,
    "COP": 0.036062000252956854,
    "CB": 0.023963499333224194,
    "LRCX": 0.03388859906827579,
    "ADI": 0.025368960486457072,
    "MU": 0.031133269498041474,
    "SBUX": 0.022625655540347088,
    "KLAC": 0.03241807506624646,
    "ANET": 0.026519945005809745,
    "PLD": 0.02226948889492953,
    "MDLZ": 0.016701390822025635,
    "LMT": 0.02032842437201028,
    "NKE": 0.022301489519468694,
    "UPS": 0.02138677857978858,
    "SO": 0.02171044053837076,
    "MO": 0.01872345226525106,
    "ICE": 0.018637319641879,
    "BMY": 0.015602268439277216,
    "ELV": 0.0267662283074716,
    "WM": 0.017086310195569165,
    "DUK": 0.019790722599975923
  }
}