{
  "n_selected": 48,
  "expected_return": 0.0010461626641157717,
  "volatility": 0.010441010841749376,
  "sharpe_m": 0.10019745022508651,
  "meta_nrp_method": "inverse_vol",
  "meta_nrp_min_vol": 1e-08,
  "meta_nrp_sigma": {
    "NVDA": 0.026274584604427324,
    "MSFT": 0.015602888282067387,
    "AAPL": 0.019186660337897433,
    "AMZN": 0.018019823106115045,
    "GOOG": 0.01668531855711356,
    "META": 0.020504159510151405,
    "AVGO": 0.019804389966804375,
    "TSLA": 0.044045050100804305,
    "LLY": 0.021461513227418447,
    "JPM": 0.021696945399631823,
    "V": 0.017425552176530246,
    "WMT": 0.01367690286329109,
    "MA": 0.020951365775381217,
    "NFLX": 0.02090836500544767,
    "ORCL": 0.017737265859892756,
    "XOM": 0.023836346098334425,
    "COST": 0.012069896753188428,
    "HD": 0.01695945024479337,
    "PG": 0.011526968912357913,
    "BAC": 0.02332793674476513,
    "ABBV": 0.016235761859214003,
    "KO": 0.013973665268470927,
    "PM": 0.015308016952294539,
    "UNH": 0.018962085795746673,
    "CRM": 0.023387234929452185,
    "CSCO": 0.01570935864102764,
    "WFC": 0.02589108542200627,
    "CVX": 0.023113415160670156,
    "ABT": 0.016418842731804564,
    "MCD": 0.015251791294443522,
    "LIN": 0.016047952979977544,
    "AMD": 0.026686808916882052,
    "MRK": 0.014502557500562407,
    "TMO": 0.01635678880765039,
    "DIS": 0.023176102606483787,
    "PEP": 0.011677298415549415,
    "ACN": 0.017884677841293554,
    "TXN": 0.01607601645276817,
    "VZ": 0.010314097079365482,
    "AMGN": 0.016235144875309113,
    "ADBE": 0.01936023314900646,
    "NEE": 0.017565016960427633,
    "DHR": 0.014834628208337383,
    "PFE": 0.018344739807557204,
    "HON": 0.01913574635197634,
    "NKE": 0.02097623666993214,
    "UPS": 0.018022169523281114,
    "BMY": 0.013429029789861768
  }
}