{
  "n_periods": 252,
  "total_return": -0.1546202709054424,
  "annualized_return": -0.1546202709054424,
  "annualized_volatility": 0.10554876910554052,
  "sharpe_ratio": -1.4649178026020768,
  "max_drawdown": -0.17010033363938137
}