{
  "n_periods": 132,
  "total_return": 0.2501002343812391,
  "annualized_return": 0.5313572050716688,
  "annualized_volatility": 0.25583799600161533,
  "sharpe_ratio": 2.0769284210165324,
  "max_drawdown": -0.16550208519812304
}