{
  "n_selected": 13,
  "expected_return": 0.0004693114173768961,
  "volatility": 0.005128945155207005,
  "sharpe_m": 0.0915025220927625,
  "meta_nrp_method": "inverse_vol",
  "meta_nrp_min_vol": 1e-08,
  "meta_nrp_sigma": {
    "SPY": 0.013807706379160206,
    "QQQ": 0.01570456643272312,
    "IWM": 0.017727403976746738,
    "EFA": 0.012916196191031678,
    "EEM": 0.015006713618267671,
    "TLT": 0.0102880735856528,
    "IEF": 0.003781082793762443,
    "LQD": 0.006823343684588704,
    "HYG": 0.006701638862370974,
    "TIP": 0.003886825829196093,
    "GLD": 0.009647257770191665,
    "DBC": 0.011724654963336762,
    "VNQ": 0.016750533403588317
  }
}