{
  "n_periods": 252,
  "total_return": 0.10265312079511046,
  "annualized_return": 0.10265312079511046,
  "annualized_volatility": 0.06832725200902821,
  "sharpe_ratio": 1.502374495926555,
  "max_drawdown": -0.08653394339584075
}