{
  "n_periods": 252,
  "total_return": 0.09746699584566532,
  "annualized_return": 0.09746699584566532,
  "annualized_volatility": 0.16957875684745935,
  "sharpe_ratio": 0.5747594666785976,
  "max_drawdown": -0.20906890142276613
}