{
  "n_selected": 13,
  "expected_return": 0.0001553733318563198,
  "volatility": 0.0026470056908849994,
  "sharpe_m": 0.058697770235761115,
  "meta_nrp_method": "inverse_vol",
  "meta_nrp_min_vol": 1e-08,
  "meta_nrp_sigma": {
    "SPY": 0.008726249331533063,
    "QQQ": 0.011979077375180053,
    "IWM": 0.010043829115145207,
    "EFA": 0.007575281634702066,
    "EEM": 0.011386130565987319,
    "TLT": 0.005817079582242675,
    "IEF": 0.002573634816356685,
    "LQD": 0.002466097978808998,
    "HYG": 0.0028811227617764404,
    "TIP": 0.002036952019905307,
    "GLD": 0.006023858136731772,
    "DBC": 0.008444748973384668,
    "VNQ": 0.008632214526802913
  }
}