{
  "n_periods": 252,
  "total_return": -0.1087765478051872,
  "annualized_return": -0.1087765478051872,
  "annualized_volatility": 0.17602542711606442,
  "sharpe_ratio": -0.6179592891057956,
  "max_drawdown": -0.20408955419212838
}