{
  "n_selected": 13,
  "expected_return": 0.0003986723719833881,
  "volatility": 0.010694539969696874,
  "sharpe_m": 0.0372781225852661,
  "meta_n_assets": 13
}