{
  "n_periods": 253,
  "total_return": 0.38327625495013207,
  "annualized_return": 0.38150343701984313,
  "annualized_volatility": 0.16386700567914964,
  "sharpe_ratio": 2.328128444397306,
  "max_drawdown": -0.08707786345720359
}