{
  "n_periods": 253,
  "total_return": 0.24263611335330304,
  "annualized_return": 0.24156959863639482,
  "annualized_volatility": 0.13923985838630776,
  "sharpe_ratio": 1.734917008937074,
  "max_drawdown": -0.08030517116825775
}