{
  "mean_terminal_value": 1.2223975225915569,
  "median_terminal_value": 1.2178537825555233,
  "std_terminal_value": 0.10582275620606657,
  "min_terminal_value": 0.8768176846038253,
  "max_terminal_value": 1.665678780361679,
  "prob_loss": 0.0115,
  "mean_terminal_return": 0.22239752259155704
}