{
  "n_periods": 252,
  "total_return": 0.18453626535670664,
  "annualized_return": 0.18453626535670664,
  "annualized_volatility": 0.204537352642241,
  "sharpe_ratio": 0.9022130333303056,
  "max_drawdown": -0.26816835636290914
}