{
  "n_periods": 252,
  "total_return": 0.15252496218654144,
  "annualized_return": 0.15252496218654144,
  "annualized_volatility": 0.33289604149835117,
  "sharpe_ratio": 0.4581759563737465,
  "max_drawdown": -0.3358516356397052
}