{
  "n_periods": 253,
  "total_return": 0.3430590968361229,
  "annualized_return": 0.3414942574924822,
  "annualized_volatility": 0.14365514649535918,
  "sharpe_ratio": 2.3771808099023746,
  "max_drawdown": -0.08937622473616325
}