{
  "n_selected": 30,
  "expected_return": 0.0005070600307121674,
  "volatility": 0.00909701176193266,
  "sharpe_m": 0.055739186007652534,
  "meta_nrp_method": "inverse_vol",
  "meta_nrp_min_vol": 1e-08,
  "meta_nrp_sigma": {
    "AAPL": 0.01927385681610776,
    "AMGN": 0.013610031252106133,
    "AMZN": 0.022089217238722512,
    "AXP": 0.012427813423389632,
    "BA": 0.019034105305794042,
    "CAT": 0.020347424278053382,
    "CRM": 0.0217017629045086,
    "CSCO": 0.015272767558009118,
    "CVX": 0.013868257432947367,
    "DIS": 0.013910872017703343,
    "GS": 0.016302676273852176,
    "HD": 0.012492011477665923,
    "HON": 0.011237798038151897,
    "IBM": 0.014658945391514773,
    "JNJ": 0.011850321705354033,
    "JPM": 0.012531120105828344,
    "KO": 0.01032762566947707,
    "MCD": 0.010809386376938498,
    "MMM": 0.015600640997979927,
    "MRK": 0.01122093376510951,
    "MSFT": 0.01620719684138919,
    "NKE": 0.01736685287942123,
    "NVDA": 0.03175438979112242,
    "PG": 0.0117243735771548,
    "SHW": 0.013864487098522588,
    "TRV": 0.01091233199202579,
    "UNH": 0.015134366963771862,
    "V": 0.0147177409723637,
    "VZ": 0.011792037253638617,
    "WMT": 0.012054633334643097
  }
}