{
  "mean_terminal_value": 1.5936232079954138,
  "median_terminal_value": 1.5762591204715455,
  "std_terminal_value": 0.22001317563609726,
  "min_terminal_value": 1.0119132566638291,
  "max_terminal_value": 2.6379965008713553,
  "prob_loss": 0.0,
  "mean_terminal_return": 0.593623207995414
}