{
  "n_selected": 99,
  "expected_return": 0.0005776600235088945,
  "volatility": 0.008273291613629582,
  "sharpe_m": 0.06982227274054334,
  "meta_nrp_method": "inverse_vol",
  "meta_nrp_min_vol": 1e-08,
  "meta_nrp_sigma": {
    "NVDA": 0.028270151860096255,
    "MSFT": 0.015085596540234378,
    "AAPL": 0.016767017187855105,
    "AMZN": 0.019633320941540165,
    "GOOG": 0.015484713894182295,
    "META": 0.02026812332262619,
    "AVGO": 0.0201854474817303,
    "TSLA": 0.03197897058295208,
    "BRK-B": 0.011775708307693518,
    "LLY": 0.012371929245445876,
    "JPM": 0.012332123432839443,
    "V": 0.01314370945442078,
    "WMT": 0.01345243056034607,
    "MA": 0.014775041393896652,
    "NFLX": 0.025428522353372153,
    "ORCL": 0.014019978650383838,
    "XOM": 0.011444846589709715,
    "COST": 0.01321521731294339,
    "JNJ": 0.011265386633178501,
    "HD": 0.01229958340786222,
    "PG": 0.010362841503397897,
    "BAC": 0.014619602039897024,
    "ABBV": 0.018407486571691386,
    "KO": 0.009151515244974755,
    "PM": 0.014677883854772651,
    "UNH": 0.01387934030015155,
    "CRM": 0.01796669404970219,
    "CSCO": 0.01428664803552521,
    "IBM": 0.013770996037889892,
    "WFC": 0.012912351939058318,
    "CVX": 0.01299057356441935,
    "ABT": 0.012780968648681309,
    "MCD": 0.011033389292542738,
    "GE": 0.023218098004532294,
    "LIN": 0.01358428187992609,
    "AMD": 0.03743056505828375,
    "MRK": 0.011734446168646415,
    "TMO": 0.013432193391101787,
    "DIS": 0.013037675172778625,
    "PEP": 0.009791702336066306,
    "ACN": 0.012147222827765466,
    "INTU": 0.015307762274794119,
    "ISRG": 0.018654380325162607,
    "QCOM": 0.021873354495836394,
    "TXN": 0.016753283496418414,
    "VZ": 0.012173873443747278,
    "AMGN": 0.01327394897598014,
    "NOW": 0.021902914882971095,
    "ADBE": 0.01930683296408501,
    "CAT": 0.017927196747711947,
    "GS": 0.015001261498510748,
    "UBER": 0.006787172208833267,
    "RTX": 0.012966378322979508,
    "BKNG": 0.016076711101650945,
    "SPGI": 0.012643426036357082,
    "PGR": 0.013383509196505626,
    "T": 0.01355105051350104,
    "NEE": 0.00940899261117399,
    "BSX": 0.01588797090698919,
    "DHR": 0.012129105294054731,
    "PFE": 0.011100930016134842,
    "AXP": 0.012294711871205774,
    "LOW": 0.017088501120693468,
    "UNP": 0.014712168168925852,
    "TJX": 0.012703661064296892,
    "HON": 0.010298021683959147,
    "SYK": 0.013560244530825298,
    "SCHW": 0.01583709048088335,
    "ETN": 0.0129246103488483,
    "BLK": 0.014059880894188801,
    "C": 0.014079357176605266,
    "GILD": 0.015682864361367507,
    "DE": 0.017216139502817602,
    "AMAT": 0.023156974998928735,
    "BA": 0.017734384647120408,
    "PANW": 0.019609046118100888,
    "ADP": 0.013324557476993007,
    "MDT": 0.011951626699075178,
    "VRTX": 0.02156261727747967,
    "COP": 0.016466237940372615,
    "CB": 0.010687690145396663,
    "LRCX": 0.023550783454328473,
    "ADI": 0.01653151619462413,
    "MU": 0.028639410884920186,
    "SBUX": 0.013128590992271863,
    "KLAC": 0.02091879924128277,
    "ANET": 0.028254358768192912,
    "PLD": 0.012137627018406379,
    "MDLZ": 0.01082884904872866,
    "LMT": 0.012487546901000816,
    "NKE": 0.01639680267709657,
    "UPS": 0.014103747579190728,
    "SO": 0.010054468103117673,
    "MO": 0.014898586080359662,
    "ICE": 0.01134005205643637,
    "BMY": 0.01588698917872092,
    "ELV": 0.015645377931429293,
    "WM": 0.009755376753571873,
    "DUK": 0.009014274661971276
  }
}