{
  "n_periods": 253,
  "total_return": 0.20904187759384985,
  "annualized_return": 0.20813506267593684,
  "annualized_volatility": 0.13347500352706845,
  "sharpe_ratio": 1.559356112949849,
  "max_drawdown": -0.09364170253971604
}