{
  "n_periods": 253,
  "total_return": 0.26452935595562876,
  "annualized_return": 0.2633568364839063,
  "annualized_volatility": 0.15292277115433645,
  "sharpe_ratio": 1.7221557946927006,
  "max_drawdown": -0.09250708597725621
}