{
  "n_periods": 253,
  "total_return": 0.37320589178461483,
  "annualized_return": 0.3714855884242725,
  "annualized_volatility": 0.15421725265519673,
  "sharpe_ratio": 2.408845845897997,
  "max_drawdown": -0.0788716376964248
}