{
  "n_selected": 30,
  "expected_return": 0.000631884088682224,
  "volatility": 0.009049632198894363,
  "sharpe_m": 0.06982428399238416,
  "meta_n_assets": 30
}