{
  "n_periods": 132,
  "total_return": 0.24407861200647418,
  "annualized_return": 0.5173058009586511,
  "annualized_volatility": 0.2543788177470463,
  "sharpe_ratio": 2.0336040773373623,
  "max_drawdown": -0.16454555163092066
}