{
  "n_selected": 30,
  "expected_return": 0.0008552125796575761,
  "volatility": 0.007444941318674452,
  "sharpe_m": 0.11487163471824972,
  "meta_n_assets": 30
}