{
  "n_periods": 253,
  "total_return": 0.1514858066266298,
  "annualized_return": 0.1508440066627852,
  "annualized_volatility": 0.06756528416342927,
  "sharpe_ratio": 2.2325667468210217,
  "max_drawdown": -0.03694894225173739
}