{
  "n_periods": 253,
  "total_return": 0.3080067984013748,
  "annualized_return": 0.3066193701465243,
  "annualized_volatility": 0.1377732082448383,
  "sharpe_ratio": 2.2255369824997295,
  "max_drawdown": -0.08786267936514858
}