{
  "n_periods": 252,
  "total_return": -0.11624543191677883,
  "annualized_return": -0.11624543191677883,
  "annualized_volatility": 0.1806018088388443,
  "sharpe_ratio": -0.6436559670368953,
  "max_drawdown": -0.22793258496690305
}