{
  "n_periods": 252,
  "total_return": -0.17980875909743732,
  "annualized_return": -0.17980875909743732,
  "annualized_volatility": 0.2664533558646432,
  "sharpe_ratio": -0.6748226477161697,
  "max_drawdown": -0.2611742929067361
}