{
  "n_selected": 13,
  "expected_return": 0.0006024521793941203,
  "volatility": 0.007522248155414868,
  "sharpe_m": 0.08008937846067293,
  "meta_n_assets": 13
}