{
  "n_periods": 253,
  "total_return": 0.6403194450673197,
  "annualized_return": 0.6371139671962203,
  "annualized_volatility": 0.23901877084715992,
  "sharpe_ratio": 2.6655394676245807,
  "max_drawdown": -0.14283399585777734
}