{
  "n_periods": 253,
  "total_return": 0.4737613367231408,
  "annualized_return": 0.47150397253096954,
  "annualized_volatility": 0.16255153476097042,
  "sharpe_ratio": 2.90064300668898,
  "max_drawdown": -0.1160129722382639
}