{
  "n_periods": 252,
  "total_return": -0.23717148988382686,
  "annualized_return": -0.23717148988382686,
  "annualized_volatility": 0.23827137765253215,
  "sharpe_ratio": -0.9953838863083705,
  "max_drawdown": -0.2502982538250368
}