{
  "n_periods": 252,
  "total_return": -0.06890308851685856,
  "annualized_return": -0.06890308851685856,
  "annualized_volatility": 0.21110813628447792,
  "sharpe_ratio": -0.3263876500904185,
  "max_drawdown": -0.18619331608996514
}