{
  "n_periods": 252,
  "total_return": -0.10446298829843526,
  "annualized_return": -0.10446298829843526,
  "annualized_volatility": 0.17300440248559792,
  "sharpe_ratio": -0.6038169364339239,
  "max_drawdown": -0.20020042964286522
}