{
  "n_periods": 252,
  "total_return": 0.11015233846359496,
  "annualized_return": 0.11015233846359496,
  "annualized_volatility": 0.20318390022298172,
  "sharpe_ratio": 0.5421312335411891,
  "max_drawdown": -0.2513433641995221
}