{
  "n_periods": 253,
  "total_return": 0.4289463126919171,
  "annualized_return": 0.4269317488254625,
  "annualized_volatility": 0.15839962997862336,
  "sharpe_ratio": 2.695282488242419,
  "max_drawdown": -0.07355292441439665
}