{
  "n_periods": 253,
  "total_return": 0.23148257922831927,
  "annualized_return": 0.23046948701983316,
  "annualized_volatility": 0.13469229492069282,
  "sharpe_ratio": 1.711081447944251,
  "max_drawdown": -0.08170570488038631
}