{
  "n_periods": 253,
  "total_return": 0.17031697800367507,
  "annualized_return": 0.16958968956160803,
  "annualized_volatility": 0.12458063224803644,
  "sharpe_ratio": 1.3612845472156527,
  "max_drawdown": -0.08838226432412855
}