{
  "n_periods": 253,
  "total_return": 0.15669317888795287,
  "annualized_return": 0.15602785922017826,
  "annualized_volatility": 0.06881140764168053,
  "sharpe_ratio": 2.26747082449842,
  "max_drawdown": -0.03703305226682008
}