{
  "mean_terminal_value": 1.2720025902185959,
  "median_terminal_value": 1.1951568822811147,
  "std_terminal_value": 0.44220885851244995,
  "min_terminal_value": 0.39753008162100945,
  "max_terminal_value": 3.858053231918345,
  "prob_loss": 0.284,
  "mean_terminal_return": 0.27200259021859596
}