{
  "n_selected": 99,
  "expected_return": 0.0006039363650061853,
  "volatility": 0.009081500926758274,
  "sharpe_m": 0.06650182275781213,
  "meta_n_assets": 99
}