{
  "n_selected": 13,
  "expected_return": 0.000446138690536431,
  "volatility": 0.005015414783453793,
  "sharpe_m": 0.08895349832446041,
  "meta_n_assets": 13
}