{
  "n_periods": 252,
  "total_return": 0.07167616674832145,
  "annualized_return": 0.07167616674832145,
  "annualized_volatility": 0.11995732702762003,
  "sharpe_ratio": 0.5975138703433938,
  "max_drawdown": -0.17265058113279297
}