{
  "n_periods": 252,
  "total_return": -0.11886913128986076,
  "annualized_return": -0.11886913128986076,
  "annualized_volatility": 0.19166674051316876,
  "sharpe_ratio": -0.6201865329978504,
  "max_drawdown": -0.23534832677958373
}