{
  "n_periods": 253,
  "total_return": 0.15138696940018725,
  "annualized_return": 0.1507456149514732,
  "annualized_volatility": 0.06761653872903549,
  "sharpe_ratio": 2.229419277960481,
  "max_drawdown": -0.03714119127015025
}