{
  "n_periods": 253,
  "total_return": 0.010607459513675144,
  "annualized_return": 0.010565312089264811,
  "annualized_volatility": 0.05459437003648572,
  "sharpe_ratio": 0.19352383922012387,
  "max_drawdown": -0.0530632431643675
}