{
  "n_selected": 21,
  "expected_return": 0.0006209536131174387,
  "volatility": 0.007399644888798506,
  "sharpe_m": 0.08391667741480822,
  "meta_nrp_method": "inverse_vol",
  "meta_nrp_min_vol": 1e-08,
  "meta_nrp_sigma": {
    "AAPL": 0.015932404102481652,
    "AMGN": 0.011496685698248436,
    "AMZN": 0.017871112855970827,
    "CRM": 0.01665106881332274,
    "CSCO": 0.012506117973807396,
    "CVX": 0.01254718914794753,
    "DIS": 0.012529562483466452,
    "HD": 0.01163125292863839,
    "HON": 0.010154330745757575,
    "JPM": 0.012044512172539051,
    "KO": 0.008948718899381704,
    "MCD": 0.010171096893861566,
    "MRK": 0.010219370087848324,
    "MSFT": 0.012508213069055248,
    "NKE": 0.015168908725037442,
    "NVDA": 0.024912777308592877,
    "PG": 0.010673940519341169,
    "UNH": 0.013145771402631559,
    "V": 0.011429898485079224,
    "VZ": 0.010995346666357899,
    "WMT": 0.012401414316717096
  }
}