{
  "n_periods": 252,
  "total_return": 0.09452385840207533,
  "annualized_return": 0.09452385840207533,
  "annualized_volatility": 0.29915258369896647,
  "sharpe_ratio": 0.3159720609239114,
  "max_drawdown": -0.30365195283690816
}