{
  "n_selected": 21,
  "expected_return": 0.000890138813648182,
  "volatility": 0.013667583397622675,
  "sharpe_m": 0.06512773968535007,
  "meta_n_assets": 21
}