{
  "n_periods": 253,
  "total_return": 0.4125728842520344,
  "annualized_return": 0.41064565970561073,
  "annualized_volatility": 0.2165161404299387,
  "sharpe_ratio": 1.8966053010652542,
  "max_drawdown": -0.13116667306208052
}