{
  "n_periods": 252,
  "total_return": -0.24560093822182716,
  "annualized_return": -0.24560093822182716,
  "annualized_volatility": 0.315926865551742,
  "sharpe_ratio": -0.7773980784853608,
  "max_drawdown": -0.34707013393188424
}