{
  "mean_terminal_value": 1.1711535658195862,
  "median_terminal_value": 1.1648141516820163,
  "std_terminal_value": 0.1099500800475488,
  "min_terminal_value": 0.8254300958005844,
  "max_terminal_value": 1.5832545542650174,
  "prob_loss": 0.051,
  "mean_terminal_return": 0.1711535658195862
}