{
  "n_selected": 21,
  "expected_return": 0.0008679055483535412,
  "volatility": 0.005910934642261244,
  "sharpe_m": 0.14683051004291287,
  "meta_n_assets": 21
}