{
  "n_selected": 99,
  "expected_return": 0.0008946127625382061,
  "volatility": 0.0204733881742733,
  "sharpe_m": 0.0436963708655888,
  "meta_nrp_method": "inverse_vol",
  "meta_nrp_min_vol": 1e-08,
  "meta_nrp_sigma": {
    "NVDA": 0.035150703659192616,
    "MSFT": 0.025163847565751938,
    "AAPL": 0.025241781176225945,
    "AMZN": 0.019740563382430378,
    "GOOG": 0.02290501545114515,
    "META": 0.025007977659641457,
    "AVGO": 0.032353936928287134,
    "TSLA": 0.0480965534261908,
    "BRK-B": 0.020248887509029628,
    "LLY": 0.02223096566024796,
    "JPM": 0.030709175585712355,
    "V": 0.025746203825356136,
    "WMT": 0.018344741830329688,
    "MA": 0.028712080354710644,
    "NFLX": 0.026221038855996186,
    "ORCL": 0.025533224194605478,
    "XOM": 0.027373672595377183,
    "COST": 0.01785244892817198,
    "JNJ": 0.019166668407892655,
    "HD": 0.026926863224506978,
    "PG": 0.020804175290162093,
    "BAC": 0.03319107664548081,
    "ABBV": 0.023425874065908805,
    "KO": 0.020199244140812093,
    "PM": 0.024859769741734775,
    "UNH": 0.029521118486764357,
    "CRM": 0.02623728771562489,
    "CSCO": 0.0259764957775474,
    "IBM": 0.02379491127290593,
    "WFC": 0.033379625793339335,
    "CVX": 0.03437513780498502,
    "ABT": 0.022965008475124105,
    "MCD": 0.02494861975462192,
    "GE": 0.0374378673870528,
    "LIN": 0.022679047784818687,
    "AMD": 0.036110819953489276,
    "MRK": 0.01969398863156292,
    "TMO": 0.02217944819080289,
    "DIS": 0.02704419259347578,
    "PEP": 0.022561727814699246,
    "ACN": 0.024114672504817546,
    "INTU": 0.028218639260783177,
    "ISRG": 0.027123769551279528,
    "QCOM": 0.02948046652586192,
    "TXN": 0.027463723126123052,
    "VZ": 0.015420990698676812,
    "AMGN": 0.02246622877284408,
    "NOW": 0.03061526738415565,
    "ADBE": 0.027450944349868413,
    "CAT": 0.02611982734750343,
    "GS": 0.030317058239298644,
    "UBER": 0.04604165161056711,
    "RTX": 0.03192427075726527,
    "BKNG": 0.027952314903642403,
    "SPGI": 0.028171564232788895,
    "PGR": 0.02239536615358022,
    "T": 0.02170271352782837,
    "NEE": 0.02461710587801343,
    "BSX": 0.025921881736371024,
    "DHR": 0.02025026810944553,
    "PFE": 0.019630479410980593,
    "AXP": 0.035756481052771565,
    "LOW": 0.03078704211626957,
    "UNP": 0.02590345222301776,
    "TJX": 0.029195437929769842,
    "HON": 0.02619228230572136,
    "SYK": 0.028563084218668218,
    "SCHW": 0.032158362604954194,
    "ETN": 0.03140967482540481,
    "BLK": 0.029431865328358724,
    "C": 0.03818576708009094,
    "GILD": 0.02296827588926796,
    "DE": 0.02782937974557857,
    "AMAT": 0.037009910622398064,
    "BA": 0.04717836026048027,
    "PANW": 0.0262767929774115,
    "ADP": 0.026052758865398828,
    "MDT": 0.023219044778012423,
    "VRTX": 0.02498110391932041,
    "COP": 0.040749420464225486,
    "CB": 0.027214986117579464,
    "LRCX": 0.03933982990889393,
    "ADI": 0.03167132342758864,
    "MU": 0.03761281935863479,
    "SBUX": 0.027152772775940692,
    "KLAC": 0.03690008245299002,
    "ANET": 0.03301127192390094,
    "PLD": 0.02751855944898125,
    "MDLZ": 0.020903284227075165,
    "LMT": 0.024363377379172844,
    "NKE": 0.024318921843479994,
    "UPS": 0.022821326885765676,
    "SO": 0.02798854349921707,
    "MO": 0.02220896303077153,
    "ICE": 0.023068421036790243,
    "BMY": 0.017873295178054745,
    "ELV": 0.032391833228336,
    "WM": 0.020797741768653535,
    "DUK": 0.024326143663465298
  }
}