{
  "n_selected": 48,
  "expected_return": 0.0008603048418151528,
  "volatility": 0.012433299606315902,
  "sharpe_m": 0.06919360660931333,
  "meta_nrp_method": "inverse_vol",
  "meta_nrp_min_vol": 1e-08,
  "meta_nrp_sigma": {
    "NVDA": 0.02764349394403655,
    "MSFT": 0.01680568113958946,
    "AAPL": 0.01978276989690756,
    "AMZN": 0.01686159859802201,
    "GOOG": 0.017843561932327393,
    "META": 0.0203078125476653,
    "AVGO": 0.02513344805632093,
    "TSLA": 0.047231696260235684,
    "LLY": 0.016209299267841384,
    "JPM": 0.023637074477960318,
    "V": 0.019153631662634937,
    "WMT": 0.01500944526190634,
    "MA": 0.022350433860459432,
    "NFLX": 0.020848476408768545,
    "ORCL": 0.016561509411112302,
    "XOM": 0.022722680365155533,
    "COST": 0.01291268766101379,
    "HD": 0.020683219118187816,
    "PG": 0.01451179091564843,
    "BAC": 0.02568598165297516,
    "ABBV": 0.020418541067668817,
    "KO": 0.0163351592862427,
    "PM": 0.020430561025775153,
    "UNH": 0.02303671876964819,
    "CRM": 0.02076352493623364,
    "CSCO": 0.018587494552634684,
    "WFC": 0.02527587450537536,
    "CVX": 0.02432371801490233,
    "ABT": 0.018680610010735784,
    "MCD": 0.01899567362127223,
    "LIN": 0.017803965778948987,
    "AMD": 0.028821945062582306,
    "MRK": 0.014091864647243681,
    "TMO": 0.016786141392253068,
    "DIS": 0.024068902763922304,
    "PEP": 0.013071438005550544,
    "ACN": 0.019518009564810798,
    "TXN": 0.018618721413489227,
    "VZ": 0.011684097306684823,
    "AMGN": 0.016792480964647635,
    "ADBE": 0.019455923151639472,
    "NEE": 0.019136315743526686,
    "DHR": 0.015085712789834166,
    "PFE": 0.014131862999140822,
    "HON": 0.02171489420694091,
    "NKE": 0.022328922318813553,
    "UPS": 0.016847124884059067,
    "BMY": 0.015231546859413197
  }
}