{
  "n_periods": 252,
  "total_return": -0.13827341774479307,
  "annualized_return": -0.13827341774479307,
  "annualized_volatility": 0.21332090781886917,
  "sharpe_ratio": -0.6481943995016234,
  "max_drawdown": -0.20806540080770541
}