{
  "n_selected": 13,
  "expected_return": 0.000244780835242601,
  "volatility": 0.004737610111713257,
  "sharpe_m": 0.05166757699993196,
  "meta_nrp_method": "inverse_vol",
  "meta_nrp_min_vol": 1e-08,
  "meta_nrp_sigma": {
    "SPY": 0.01354276720055025,
    "QQQ": 0.015398775662406418,
    "IWM": 0.01583070141814348,
    "EFA": 0.012191796624681155,
    "EEM": 0.014945505455208296,
    "TLT": 0.009321690395351872,
    "IEF": 0.003559386118594794,
    "LQD": 0.006454454413415597,
    "HYG": 0.006512343538918754,
    "TIP": 0.0036971240934748563,
    "GLD": 0.008004260926328544,
    "DBC": 0.010334520468796599,
    "VNQ": 0.015838009592776446
  }
}