{
  "mean_terminal_value": 1.3370870162381574,
  "median_terminal_value": 1.3214340808601355,
  "std_terminal_value": 0.2381586911190453,
  "min_terminal_value": 0.7253641869358588,
  "max_terminal_value": 2.3122988527429356,
  "prob_loss": 0.058,
  "mean_terminal_return": 0.33708701623815734
}