{
  "n_selected": 3,
  "expected_return": 0.0021197047055424045,
  "volatility": 0.01835384032137218,
  "sharpe_m": 0.11549107262713344,
  "meta_n_assets": 3
}