{
  "n_periods": 252,
  "total_return": 0.11042987003340721,
  "annualized_return": 0.11042987003340721,
  "annualized_volatility": 0.29165735070001914,
  "sharpe_ratio": 0.378628790834038,
  "max_drawdown": -0.2751157259196402
}