{
  "mean_terminal_value": 1.9896165298038482,
  "median_terminal_value": 1.9242166543020764,
  "std_terminal_value": 0.5268999974775368,
  "min_terminal_value": 0.6871980949832295,
  "max_terminal_value": 3.9934076193347376,
  "prob_loss": 0.01,
  "mean_terminal_return": 0.989616529803848
}