{
  "n_periods": 253,
  "total_return": 0.7911274607633256,
  "annualized_return": 0.7870059246745909,
  "annualized_volatility": 0.39144056624753903,
  "sharpe_ratio": 2.0105374673326635,
  "max_drawdown": -0.21863370452118558
}