{
  "n_periods": 252,
  "total_return": -0.30627754313416844,
  "annualized_return": -0.30627754313416844,
  "annualized_volatility": 0.3062107864148307,
  "sharpe_ratio": -1.000218009039196,
  "max_drawdown": -0.42739797548138514
}