{
  "mean_terminal_value": 1.1879445859259221,
  "median_terminal_value": 1.1521745501773029,
  "std_terminal_value": 0.2697312224296705,
  "min_terminal_value": 0.5229063049535403,
  "max_terminal_value": 2.3609757754459255,
  "prob_loss": 0.2575,
  "mean_terminal_return": 0.1879445859259223
}