{
  "n_selected": 48,
  "expected_return": 0.000537244269930478,
  "volatility": 0.007336078370425131,
  "sharpe_m": 0.0732331693860223,
  "meta_nrp_method": "inverse_vol",
  "meta_nrp_min_vol": 1e-08,
  "meta_nrp_sigma": {
    "NVDA": 0.024912777308592877,
    "MSFT": 0.012508213069055248,
    "AAPL": 0.015932404102481652,
    "AMZN": 0.017871112855970827,
    "GOOG": 0.013745077553987408,
    "META": 0.02102148647791625,
    "AVGO": 0.020793613388471147,
    "TSLA": 0.03253706189313979,
    "LLY": 0.012616066966765312,
    "JPM": 0.012044512172539051,
    "V": 0.011429898485079224,
    "WMT": 0.012401414316717096,
    "MA": 0.013755382756965934,
    "NFLX": 0.02303521843560093,
    "ORCL": 0.010821975932354202,
    "XOM": 0.011054472019836378,
    "COST": 0.010552105864697018,
    "HD": 0.01163125292863839,
    "PG": 0.010673940519341169,
    "BAC": 0.014619894917591593,
    "ABBV": 0.015111481259992425,
    "KO": 0.008948718899381704,
    "PM": 0.013721565592835164,
    "UNH": 0.013145771402631559,
    "CRM": 0.01665106881332274,
    "CSCO": 0.012506117973807396,
    "WFC": 0.01171436617378173,
    "CVX": 0.01254718914794753,
    "ABT": 0.011983969356655954,
    "MCD": 0.010171096893861566,
    "LIN": 0.013203375575051987,
    "AMD": 0.038927547075279914,
    "MRK": 0.010219370087848324,
    "TMO": 0.013104771682411323,
    "DIS": 0.012529562483466452,
    "PEP": 0.00938934225316818,
    "ACN": 0.01164775175880318,
    "TXN": 0.014086741955562768,
    "VZ": 0.010995346666357899,
    "AMGN": 0.011496685698248436,
    "ADBE": 0.01603094051170786,
    "NEE": 0.008229882795699172,
    "DHR": 0.012616231192649431,
    "PFE": 0.009479236101941416,
    "HON": 0.010154330745757575,
    "NKE": 0.015168908725037442,
    "UPS": 0.013236744952938126,
    "BMY": 0.01593601984991384
  }
}