{
  "n_selected": 99,
  "expected_return": 0.0006622036367480851,
  "volatility": 0.016704955572506768,
  "sharpe_m": 0.039641149231067006,
  "meta_n_assets": 99
}