{
  "n_periods": 252,
  "total_return": -0.11889483164606662,
  "annualized_return": -0.11889483164606662,
  "annualized_volatility": 0.09790320841594986,
  "sharpe_ratio": -1.214412005180996,
  "max_drawdown": -0.15431884706032706
}