{
  "n_periods": 253,
  "total_return": 0.402766522413198,
  "annualized_return": 0.40089125034582707,
  "annualized_volatility": 0.1697849397529124,
  "sharpe_ratio": 2.361170849011951,
  "max_drawdown": -0.08401966420935769
}