{
  "n_periods": 253,
  "total_return": 0.4379471875527081,
  "annualized_return": 0.43588429639313064,
  "annualized_volatility": 0.13208532002846,
  "sharpe_ratio": 3.300020746432776,
  "max_drawdown": -0.07155246428146278
}