{
  "n_periods": 252,
  "total_return": -0.04183251151715983,
  "annualized_return": -0.04183251151715983,
  "annualized_volatility": 0.15767321383233057,
  "sharpe_ratio": -0.26531146604041733,
  "max_drawdown": -0.15788413279243152
}