{
  "mean_terminal_value": 1.3492054326173792,
  "median_terminal_value": 1.3375554021479086,
  "std_terminal_value": 0.21451809248443393,
  "min_terminal_value": 0.77797549009077,
  "max_terminal_value": 2.2097021899128566,
  "prob_loss": 0.0325,
  "mean_terminal_return": 0.34920543261737946
}