{
  "n_selected": 13,
  "expected_return": 0.00039432715399654954,
  "volatility": 0.005854541490092228,
  "sharpe_m": 0.06735406259634136,
  "meta_nrp_method": "inverse_vol",
  "meta_nrp_min_vol": 1e-08,
  "meta_nrp_sigma": {
    "SPY": 0.01596956364470172,
    "QQQ": 0.01782786974409106,
    "IWM": 0.020515547405284204,
    "EFA": 0.015007784345634467,
    "EEM": 0.01708601337352983,
    "TLT": 0.011421753449151925,
    "IEF": 0.003967623281145099,
    "LQD": 0.008071286834863339,
    "HYG": 0.007945690375815174,
    "TIP": 0.00442798552161896,
    "GLD": 0.010614462969499706,
    "DBC": 0.013051309158446572,
    "VNQ": 0.019819134613222503
  }
}