{
  "n_selected": 13,
  "expected_return": 0.00026132667599576857,
  "volatility": 0.004243421853407055,
  "sharpe_m": 0.061583949233317135,
  "meta_n_assets": 13
}