{
  "mean_terminal_value": 1.2041706999507442,
  "median_terminal_value": 1.1972865729134192,
  "std_terminal_value": 0.15692473403345883,
  "min_terminal_value": 0.733524890621356,
  "max_terminal_value": 1.8063001832178123,
  "prob_loss": 0.0835,
  "mean_terminal_return": 0.204170699950744
}