{
  "mean_terminal_value": 1.2120649214301846,
  "median_terminal_value": 1.2074229680444293,
  "std_terminal_value": 0.18215254841747688,
  "min_terminal_value": 0.7560717808060581,
  "max_terminal_value": 2.05915936107996,
  "prob_loss": 0.115,
  "mean_terminal_return": 0.21206492143018454
}