{
  "n_periods": 252,
  "total_return": 0.10113277908455331,
  "annualized_return": 0.10113277908455331,
  "annualized_volatility": 0.28126346675309605,
  "sharpe_ratio": 0.3595659978596921,
  "max_drawdown": -0.28025561315602887
}