{
  "n_selected": 99,
  "expected_return": 0.0006589267144963798,
  "volatility": 0.007523339064217626,
  "sharpe_m": 0.08758434371652284,
  "meta_nrp_method": "inverse_vol",
  "meta_nrp_min_vol": 1e-08,
  "meta_nrp_sigma": {
    "NVDA": 0.02925135540945936,
    "MSFT": 0.013633738910831224,
    "AAPL": 0.015129739251678126,
    "AMZN": 0.017337630818443688,
    "GOOG": 0.013808266347464975,
    "META": 0.017706123752472724,
    "AVGO": 0.018597141604839725,
    "TSLA": 0.02885057521790983,
    "BRK-B": 0.010693819147902723,
    "LLY": 0.01261279779947095,
    "JPM": 0.012313285192381906,
    "V": 0.012168786129091827,
    "WMT": 0.012081623298563804,
    "MA": 0.01340827883944142,
    "NFLX": 0.0242978738734063,
    "ORCL": 0.012868062493379592,
    "XOM": 0.010817710887528574,
    "COST": 0.012072349388052161,
    "JNJ": 0.010157974584693192,
    "HD": 0.01127988447391859,
    "PG": 0.009660081989035665,
    "BAC": 0.015406104944399373,
    "ABBV": 0.016676554151000778,
    "KO": 0.008624846155876307,
    "PM": 0.013378452412614102,
    "UNH": 0.012756433985401746,
    "CRM": 0.016885127271436467,
    "CSCO": 0.013021828067941953,
    "IBM": 0.0125681421360223,
    "WFC": 0.013122385947448873,
    "CVX": 0.012093345415149346,
    "ABT": 0.012297626077761798,
    "MCD": 0.010212620657904058,
    "GE": 0.019641078317536368,
    "LIN": 0.012409507172268077,
    "AMD": 0.03892189730591753,
    "MRK": 0.012006456206503284,
    "TMO": 0.012890935659098952,
    "DIS": 0.01147850357631806,
    "PEP": 0.009017877297288568,
    "ACN": 0.011804758725520802,
    "INTU": 0.014273781468279114,
    "ISRG": 0.016694580708038333,
    "QCOM": 0.02024900029395555,
    "TXN": 0.015220968955433293,
    "VZ": 0.011349959610066554,
    "AMGN": 0.013499171420320791,
    "NOW": 0.021167335711755674,
    "ADBE": 0.017091743281039875,
    "CAT": 0.017073380322605018,
    "GS": 0.014909949180049826,
    "UBER": 0.005538048340775245,
    "RTX": 0.01161974775350189,
    "BKNG": 0.015381448531388878,
    "SPGI": 0.012224730883851767,
    "PGR": 0.012025959800976519,
    "T": 0.012205893781395295,
    "NEE": 0.00971594029615131,
    "BSX": 0.014739516881634345,
    "DHR": 0.013740808298861798,
    "PFE": 0.01069474110268574,
    "AXP": 0.012416735865002597,
    "LOW": 0.015823076223119008,
    "UNP": 0.013902949146292459,
    "TJX": 0.012005308773746724,
    "HON": 0.009919452513472751,
    "SYK": 0.012635451502887399,
    "SCHW": 0.016723628204073398,
    "ETN": 0.013068243922681196,
    "BLK": 0.013353150928747873,
    "C": 0.014380378500179326,
    "GILD": 0.015168464023515795,
    "DE": 0.016524498908909363,
    "AMAT": 0.02077714659467442,
    "BA": 0.015767410740577224,
    "PANW": 0.021286811536323093,
    "ADP": 0.01243108498065395,
    "MDT": 0.011575671092058865,
    "VRTX": 0.02259036149943418,
    "COP": 0.017648644599220824,
    "CB": 0.009929509888864383,
    "LRCX": 0.021065526090025922,
    "ADI": 0.01562579487888874,
    "MU": 0.027490057835959935,
    "SBUX": 0.012086368017384021,
    "KLAC": 0.018727891092743625,
    "ANET": 0.0261544611204326,
    "PLD": 0.012222415675052355,
    "MDLZ": 0.012112429911747562,
    "LMT": 0.011713340615797907,
    "NKE": 0.015103250412643121,
    "UPS": 0.01258219331661382,
    "SO": 0.009629632221857764,
    "MO": 0.013135729429585274,
    "ICE": 0.011062053118234542,
    "BMY": 0.017014729676364495,
    "ELV": 0.014960385889432383,
    "WM": 0.0089850668070566,
    "DUK": 0.009159516093018296
  }
}