{
  "n_periods": 252,
  "total_return": -0.26138213969217905,
  "annualized_return": -0.26138213969217905,
  "annualized_volatility": 0.32013208713059726,
  "sharpe_ratio": -0.8164821653305522,
  "max_drawdown": -0.3315049046873696
}