{
  "mean_terminal_value": 1.2083674653829917,
  "median_terminal_value": 1.199760857955446,
  "std_terminal_value": 0.17393905895958314,
  "min_terminal_value": 0.733631964860965,
  "max_terminal_value": 1.9100870733526631,
  "prob_loss": 0.112,
  "mean_terminal_return": 0.20836746538299178
}